season,team,games,points_for,points_against,ppg,oppg,net_ppg
2026,SF,4,122.0,64.0,30.5,16.0,14.5
2019,BAL,17,543.0,310.0,31.941176470588236,18.235294117647058,13.705882352941178
2026,JAX,4,104.0,53.0,26.0,13.25,12.75
2016,NE,19,545.0,311.0,28.68421052631579,16.36842105263158,12.315789473684212
2025,SEA,20,584.0,338.0,29.2,16.9,12.3
2026,CHI,4,112.0,65.0,28.0,16.25,11.75
2023,BAL,19,527.0,307.0,27.736842105263158,16.157894736842106,11.578947368421051
2024,DET,18,595.0,387.0,33.05555555555556,21.5,11.555555555555557
2021,BUF,19,566.0,348.0,29.789473684210527,18.31578947368421,11.473684210526319
2019,NE,17,433.0,245.0,25.470588235294116,14.411764705882353,11.058823529411763
2024,PHI,21,608.0,380.0,28.952380952380953,18.095238095238095,10.857142857142858
2017,PHI,19,551.0,345.0,29.0,18.157894736842106,10.842105263157894
2026,KC,4,118.0,77.0,29.5,19.25,10.25
2019,SF,19,563.0,371.0,29.63157894736842,19.526315789473685,10.105263157894736
2023,DAL,18,541.0,363.0,30.055555555555557,20.166666666666668,9.88888888888889
2023,SF,20,571.0,375.0,28.55,18.75,9.8
2019,KC,19,568.0,383.0,29.894736842105264,20.157894736842106,9.736842105263158
2017,NE,19,550.0,371.0,28.94736842105263,19.526315789473685,9.421052631578945
2022,PHI,20,581.0,396.0,29.05,19.8,9.25
2021,DAL,18,547.0,381.0,30.38888888888889,21.166666666666668,9.222222222222221
2020,TB,20,615.0,433.0,30.75,21.65,9.100000000000001
2021,TB,19,569.0,398.0,29.94736842105263,20.94736842105263,9.0
2024,BUF,20,612.0,432.0,30.6,21.6,9.0
2024,BAL,19,571.0,402.0,30.05263157894737,21.157894736842106,8.894736842105264
2016,ATL,19,648.0,481.0,34.10526315789474,25.31578947368421,8.789473684210531
2020,BAL,18,491.0,333.0,27.27777777777778,18.5,8.777777777777779
2026,MIN,4,86.0,51.0,21.5,12.75,8.75
2022,SF,20,517.0,343.0,25.85,17.15,8.700000000000003
2025,LAR,20,599.0,425.0,29.95,21.25,8.7
2018,KC,18,627.0,471.0,34.833333333333336,26.166666666666668,8.666666666666668
2025,NE,21,557.0,375.0,26.523809523809526,17.857142857142858,8.666666666666668
2022,BUF,18,499.0,344.0,27.72222222222222,19.11111111111111,8.61111111111111
2018,NO,18,547.0,393.0,30.38888888888889,21.833333333333332,8.555555555555557
2020,GB,18,567.0,418.0,31.5,23.22222222222222,8.277777777777779
2020,NO,18,523.0,376.0,29.055555555555557,20.88888888888889,8.166666666666668
2017,JAX,19,492.0,337.0,25.894736842105264,17.736842105263158,8.157894736842106
2018,CHI,17,436.0,299.0,25.647058823529413,17.58823529411765,8.058823529411764
2017,LAR,17,491.0,355.0,28.88235294117647,20.88235294117647,8.0
2026,SEA,4,105.0,73.0,26.25,18.25,8.0
2023,BUF,19,506.0,355.0,26.63157894736842,18.68421052631579,7.94736842105263
2026,LV,4,115.0,84.0,28.75,21.0,7.75
2018,LAR,19,586.0,442.0,30.842105263157894,23.263157894736842,7.578947368421051
2025,JAX,18,498.0,363.0,27.666666666666668,20.166666666666668,7.5
2018,NE,19,527.0,387.0,27.736842105263158,20.36842105263158,7.368421052631579
2021,NE,18,479.0,350.0,26.61111111111111,19.444444444444443,7.166666666666668
2022,DAL,19,510.0,375.0,26.842105263157894,19.736842105263158,7.105263157894736
2019,DAL,16,434.0,321.0,27.125,20.0625,7.0625
2021,KC,20,588.0,448.0,29.4,22.4,7.0
2022,KC,20,584.0,444.0,29.2,22.2,7.0
2020,BUF,19,569.0,440.0,29.94736842105263,23.157894736842106,6.789473684210524
2017,NO,18,503.0,381.0,27.944444444444443,21.166666666666668,6.777777777777775
2016,DAL,17,452.0,340.0,26.58823529411765,20.0,6.5882352941176485
2019,NO,17,478.0,367.0,28.11764705882353,21.58823529411765,6.5294117647058805
2025,HOU,19,450.0,329.0,23.68421052631579,17.31578947368421,6.368421052631582
2024,TB,18,522.0,408.0,29.0,22.666666666666668,6.333333333333332
2022,CIN,19,489.0,372.0,25.736842105263158,19.57894736842105,6.157894736842106
2024,GB,18,470.0,360.0,26.11111111111111,20.0,6.111111111111111
2025,BUF,19,538.0,422.0,28.31578947368421,22.210526315789473,6.105263157894736
2017,MIN,18,418.0,314.0,23.22222222222222,17.444444444444443,5.777777777777779
2017,BAL,16,395.0,303.0,24.6875,18.9375,5.75
2021,LAR,21,567.0,447.0,27.0,21.285714285714285,5.714285714285715
2020,KC,19,542.0,434.0,28.526315789473685,22.842105263157894,5.684210526315791
2018,BAL,17,406.0,310.0,23.88235294117647,18.235294117647058,5.647058823529413
2017,PIT,17,448.0,353.0,26.352941176470587,20.764705882352942,5.588235294117645
2020,PIT,17,453.0,360.0,26.647058823529413,21.176470588235293,5.4705882352941195
2023,KC,21,466.0,357.0,22.19047619047619,17.0,5.19047619047619
2017,LAC,16,355.0,272.0,22.1875,17.0,5.1875
2019,MIN,18,443.0,350.0,24.61111111111111,19.444444444444443,5.166666666666668
2018,LAC,18,479.0,387.0,26.61111111111111,21.5,5.111111111111111
2021,IND,17,451.0,365.0,26.529411764705884,21.470588235294116,5.058823529411768
2020,IND,17,475.0,389.0,27.941176470588236,22.88235294117647,5.0588235294117645
2024,DEN,18,432.0,342.0,24.0,19.0,5.0
2026,BAL,4,116.0,96.0,29.0,24.0,5.0
2026,BUF,4,127.0,107.0,31.75,26.75,5.0
2023,MIA,18,503.0,417.0,27.944444444444443,23.166666666666668,4.777777777777775
2025,DEN,19,441.0,351.0,23.210526315789473,18.473684210526315,4.7368421052631575
2018,IND,18,467.0,382.0,25.944444444444443,21.22222222222222,4.722222222222221
2018,SEA,17,450.0,371.0,26.470588235294116,21.823529411764707,4.6470588235294095
2020,SEA,17,479.0,401.0,28.176470588235293,23.58823529411765,4.588235294117645
2024,MIN,18,441.0,359.0,24.5,19.944444444444443,4.555555555555557
2024,LAC,18,414.0,333.0,23.0,18.5,4.5
2021,CIN,21,552.0,458.0,26.285714285714285,21.80952380952381,4.4761904761904745
2016,KC,17,405.0,329.0,23.823529411764707,19.352941176470587,4.4705882352941195
2017,KC,17,436.0,361.0,25.647058823529413,21.235294117647058,4.411764705882355
2023,NO,17,402.0,327.0,23.647058823529413,19.235294117647058,4.411764705882355
2019,TEN,19,474.0,391.0,24.94736842105263,20.57894736842105,4.368421052631579
2018,PIT,16,428.0,360.0,26.75,22.5,4.25
2018,HOU,17,409.0,337.0,24.058823529411764,19.823529411764707,4.235294117647058
2021,GB,18,460.0,384.0,25.555555555555557,21.333333333333332,4.222222222222225
2020,MIA,16,404.0,338.0,25.25,21.125,4.125
2025,DET,17,481.0,413.0,28.294117647058822,24.294117647058822,4.0
2020,LAR,18,420.0,348.0,23.333333333333332,19.333333333333332,4.0
2024,WAS,20,576.0,497.0,28.8,24.85,3.9499999999999993
2016,PIT,19,464.0,391.0,24.42105263157895,20.57894736842105,3.8421052631578974
2016,SEA,18,400.0,334.0,22.22222222222222,18.555555555555557,3.6666666666666643
2023,DET,20,547.0,475.0,27.35,23.75,3.6000000000000014
2016,ARI,16,418.0,362.0,26.125,22.625,3.5
2021,TEN,18,435.0,373.0,24.166666666666668,20.72222222222222,3.4444444444444464
2021,SF,20,480.0,412.0,24.0,20.6,3.3999999999999986
2021,ARI,18,460.0,400.0,25.555555555555557,22.22222222222222,3.3333333333333357
2025,IND,17,466.0,412.0,27.41176470588235,24.235294117647058,3.1764705882352935
2019,BUF,17,333.0,281.0,19.58823529411765,16.529411764705884,3.0588235294117645
2026,CIN,4,97.0,85.0,24.25,21.25,3.0
2026,CAR,4,121.0,109.0,30.25,27.25,3.0
2019,GB,18,424.0,373.0,23.555555555555557,20.72222222222222,2.8333333333333357
2025,PHI,18,398.0,348.0,22.11111111111111,19.333333333333332,2.7777777777777786
2020,ARI,16,410.0,367.0,25.625,22.9375,2.6875
2024,KC,20,462.0,409.0,23.1,20.45,2.650000000000002
2020,TEN,17,504.0,459.0,29.647058823529413,27.0,2.647058823529413
2016,GB,19,525.0,476.0,27.63157894736842,25.05263157894737,2.5789473684210513
2017,ATL,18,389.0,343.0,21.61111111111111,19.055555555555557,2.5555555555555536
2022,JAX,19,455.0,407.0,23.94736842105263,21.42105263157895,2.5263157894736814
2026,DAL,4,122.0,112.0,30.5,28.0,2.5
2023,GB,19,452.0,406.0,23.789473684210527,21.36842105263158,2.4210526315789487
2021,PHI,18,459.0,416.0,25.5,23.11111111111111,2.3888888888888893
2016,PHI,16,367.0,331.0,22.9375,20.6875,2.25
2016,DEN,16,333.0,297.0,20.8125,18.5625,2.25
2024,CIN,17,472.0,434.0,27.764705882352942,25.529411764705884,2.235294117647058
2017,DET,16,410.0,376.0,25.625,23.5,2.125
2017,SEA,16,366.0,332.0,22.875,20.75,2.125
2025,KC,17,362.0,328.0,21.294117647058822,19.294117647058822,2.0
2023,TB,19,403.0,365.0,21.210526315789473,19.210526315789473,2.0
2019,LAR,16,394.0,364.0,24.625,22.75,1.875
2025,SF,19,466.0,431.0,24.526315789473685,22.68421052631579,1.8421052631578938
2017,CAR,17,389.0,358.0,22.88235294117647,21.058823529411764,1.8235294117647065
2021,NO,17,364.0,335.0,21.41176470588235,19.705882352941178,1.705882352941174
2021,SEA,17,395.0,366.0,23.235294117647058,21.529411764705884,1.705882352941174
2023,HOU,19,432.0,401.0,22.736842105263158,21.105263157894736,1.6315789473684212
2022,BAL,18,367.0,339.0,20.38888888888889,18.833333333333332,1.5555555555555571
2022,DET,17,453.0,427.0,26.647058823529413,25.11764705882353,1.529411764705884
2025,BAL,17,424.0,398.0,24.941176470588236,23.41176470588235,1.529411764705884
2025,GB,18,418.0,391.0,23.22222222222222,21.72222222222222,1.5
2023,LAR,18,427.0,401.0,23.72222222222222,22.27777777777778,1.4444444444444429
2025,CHI,19,489.0,462.0,25.736842105263158,24.31578947368421,1.4210526315789487
2016,BAL,16,343.0,321.0,21.4375,20.0625,1.375
2017,DAL,16,354.0,332.0,22.125,20.75,1.375
2019,PHI,17,394.0,371.0,23.176470588235293,21.823529411764707,1.352941176470587
2016,BUF,16,399.0,378.0,24.9375,23.625,1.3125
2016,MIN,16,327.0,307.0,20.4375,19.1875,1.25
2024,ARI,17,400.0,379.0,23.529411764705884,22.294117647058822,1.2352941176470615
2018,MIN,16,360.0,341.0,22.5,21.3125,1.1875
2016,IND,16,411.0,392.0,25.6875,24.5,1.1875
2016,LV,17,430.0,412.0,25.294117647058822,24.235294117647058,1.0588235294117645
2024,PIT,18,394.0,375.0,21.88888888888889,20.833333333333332,1.0555555555555571
2026,ATL,4,96.0,92.0,24.0,23.0,1.0
2022,NE,17,364.0,347.0,21.41176470588235,20.41176470588235,1.0
2016,NO,16,469.0,454.0,29.3125,28.375,0.9375
2021,LAC,17,474.0,459.0,27.88235294117647,27.0,0.882352941176471
2025,LAC,18,371.0,356.0,20.61111111111111,19.77777777777778,0.8333333333333321
2016,WAS,16,396.0,383.0,24.75,23.9375,0.8125
2018,PHI,18,397.0,383.0,22.055555555555557,21.27777777777778,0.7777777777777786
2021,DEN,17,335.0,322.0,19.705882352941178,18.941176470588236,0.764705882352942
2026,NYG,4,82.0,79.0,20.5,19.75,0.75
2025,MIN,17,344.0,333.0,20.235294117647058,19.58823529411765,0.6470588235294095
2016,CIN,16,325.0,315.0,20.3125,19.6875,0.625
2024,HOU,19,418.0,407.0,22.0,21.42105263157895,0.5789473684210513
2019,TB,16,458.0,449.0,28.625,28.0625,0.5625
2019,SEA,18,445.0,435.0,24.72222222222222,24.166666666666668,0.5555555555555536
2018,DAL,18,385.0,376.0,21.38888888888889,20.88888888888889,0.5
2026,LA,4,85.0,83.0,21.25,20.75,0.5
2018,TEN,16,310.0,303.0,19.375,18.9375,0.4375
2024,SEA,17,375.0,368.0,22.058823529411764,21.647058823529413,0.4117647058823515
2023,JAX,17,377.0,371.0,22.176470588235293,21.823529411764707,0.352941176470587
2022,LAC,18,421.0,415.0,23.38888888888889,23.055555555555557,0.33333333333333215
2016,TEN,16,381.0,378.0,23.8125,23.625,0.1875
2023,CLE,18,410.0,407.0,22.77777777777778,22.61111111111111,0.16666666666666785
2023,LV,17,332.0,331.0,19.529411764705884,19.470588235294116,0.05882352941176805
2016,NYG,17,323.0,322.0,19.0,18.941176470588236,0.0588235294117645
2021,MIN,17,425.0,426.0,25.0,25.058823529411764,-0.0588235294117645
2022,GB,17,370.0,371.0,21.764705882352942,21.823529411764707,-0.0588235294117645
2020,WAS,17,358.0,360.0,21.058823529411764,21.176470588235293,-0.117647058823529
2020,CLE,18,473.0,478.0,26.27777777777778,26.555555555555557,-0.27777777777777857
2022,MIA,18,428.0,433.0,23.77777777777778,24.055555555555557,-0.27777777777777857
2021,BAL,17,387.0,392.0,22.764705882352942,23.058823529411764,-0.2941176470588225
2024,LAR,19,416.0,423.0,21.894736842105264,22.263157894736842,-0.36842105263157876
2018,CAR,16,376.0,382.0,23.5,23.875,-0.375
2026,IND,4,102.0,104.0,25.5,26.0,-0.5
2019,LAC,16,337.0,345.0,21.0625,21.5625,-0.5
2022,MIN,18,448.0,458.0,24.88888888888889,25.444444444444443,-0.5555555555555536
2018,ATL,16,414.0,423.0,25.875,26.4375,-0.5625
2020,CHI,17,381.0,391.0,22.41176470588235,23.0,-0.5882352941176485
2022,SEA,18,430.0,442.0,23.88888888888889,24.555555555555557,-0.6666666666666679
2019,IND,16,361.0,373.0,22.5625,23.3125,-0.75
2025,PIT,18,403.0,417.0,22.38888888888889,23.166666666666668,-0.7777777777777786
2016,LAC,16,410.0,423.0,25.625,26.4375,-0.8125
2019,PIT,16,289.0,303.0,18.0625,18.9375,-0.875
2020,SF,16,376.0,390.0,23.5,24.375,-0.875
2022,NO,17,330.0,345.0,19.41176470588235,20.294117647058822,-0.882352941176471
2016,TB,16,354.0,369.0,22.125,23.0625,-0.9375
2023,PHI,18,442.0,460.0,24.555555555555557,25.555555555555557,-1.0
2023,MIN,17,344.0,362.0,20.235294117647058,21.294117647058822,-1.0588235294117645
2023,CIN,17,366.0,384.0,21.529411764705884,22.58823529411765,-1.0588235294117645
2024,MIA,17,345.0,364.0,20.294117647058822,21.41176470588235,-1.117647058823529
2023,CHI,17,360.0,379.0,21.176470588235293,22.294117647058822,-1.117647058823529
2023,IND,17,396.0,415.0,23.294117647058822,24.41176470588235,-1.117647058823529
2020,ATL,16,396.0,414.0,24.75,25.875,-1.125
2019,CHI,16,280.0,298.0,17.5,18.625,-1.125
2019,ATL,16,381.0,399.0,23.8125,24.9375,-1.125
2022,CLE,17,361.0,381.0,21.235294117647058,22.41176470588235,-1.1764705882352935
2022,NYJ,17,296.0,316.0,17.41176470588235,18.58823529411765,-1.176470588235297
2022,ATL,17,365.0,386.0,21.470588235294116,22.705882352941178,-1.2352941176470615
2018,DEN,16,329.0,349.0,20.5625,21.8125,-1.25
2021,CLE,17,349.0,371.0,20.529411764705884,21.823529411764707,-1.2941176470588225
2022,WAS,17,321.0,343.0,18.88235294117647,20.176470588235293,-1.2941176470588225
2019,HOU,18,431.0,455.0,23.944444444444443,25.27777777777778,-1.3333333333333357
2022,LV,17,395.0,418.0,23.235294117647058,24.58823529411765,-1.3529411764705905
2018,GB,16,376.0,400.0,23.5,25.0,-1.5
2022,NYG,19,403.0,433.0,21.210526315789473,22.789473684210527,-1.5789473684210549
2022,CAR,17,347.0,374.0,20.41176470588235,22.0,-1.5882352941176485
2020,NE,16,326.0,353.0,20.375,22.0625,-1.6875
2025,TB,17,380.0,411.0,22.352941176470587,24.176470588235293,-1.8235294117647065
2021,MIA,17,341.0,373.0,20.058823529411764,21.941176470588236,-1.882352941176471
2016,DET,17,352.0,384.0,20.705882352941178,22.58823529411765,-1.882352941176471
2023,PIT,18,321.0,355.0,17.833333333333332,19.72222222222222,-1.8888888888888893
2026,NYJ,4,76.0,84.0,19.0,21.0,-2.0
2024,ATL,17,389.0,423.0,22.88235294117647,24.88235294117647,-2.0
2026,DET,4,119.0,127.0,29.75,31.75,-2.0
2016,MIA,17,375.0,410.0,22.058823529411764,24.11764705882353,-2.0588235294117645
2016,CAR,16,369.0,402.0,23.0625,25.125,-2.0625
2018,CLE,16,359.0,392.0,22.4375,24.5,-2.0625
2019,DEN,16,282.0,316.0,17.625,19.75,-2.125
2022,PIT,17,308.0,346.0,18.11764705882353,20.352941176470587,-2.235294117647058
2023,SEA,17,364.0,402.0,21.41176470588235,23.647058823529413,-2.2352941176470615
2018,DET,16,324.0,360.0,20.25,22.5,-2.25
2017,TEN,18,370.0,412.0,20.555555555555557,22.88888888888889,-2.333333333333332
2025,DAL,17,471.0,511.0,27.705882352941178,30.058823529411764,-2.352941176470587
2026,PIT,4,77.0,87.0,19.25,21.75,-2.5
2020,LAC,16,384.0,426.0,24.0,26.625,-2.625
2018,NYG,16,369.0,412.0,23.0625,25.75,-2.6875
2020,LV,16,434.0,478.0,27.125,29.875,-2.75
2024,SF,17,389.0,436.0,22.88235294117647,25.647058823529413,-2.764705882352942
2020,MIN,16,430.0,475.0,26.875,29.6875,-2.8125
2025,ATL,17,353.0,401.0,20.764705882352942,23.58823529411765,-2.8235294117647065
2017,WAS,16,342.0,388.0,21.375,24.25,-2.875
2017,TB,16,335.0,382.0,20.9375,23.875,-2.9375
2024,IND,17,377.0,427.0,22.176470588235293,25.11764705882353,-2.9411764705882355
2016,HOU,18,322.0,376.0,17.88888888888889,20.88888888888889,-3.0
2026,NE,4,65.0,77.0,16.25,19.25,-3.0
2023,ATL,17,321.0,373.0,18.88235294117647,21.941176470588236,-3.0588235294117645
2023,LAC,17,346.0,398.0,20.352941176470587,23.41176470588235,-3.0588235294117645
2017,SF,16,331.0,383.0,20.6875,23.9375,-3.25
2020,CAR,16,350.0,402.0,21.875,25.125,-3.25
2023,DEN,17,357.0,413.0,21.0,24.294117647058822,-3.2941176470588225
2025,NYG,17,381.0,439.0,22.41176470588235,25.823529411764707,-3.411764705882355
2022,TB,18,327.0,389.0,18.166666666666668,21.61111111111111,-3.444444444444443
2017,CHI,16,264.0,320.0,16.5,20.0,-3.5
2026,CLE,4,81.0,95.0,20.25,23.75,-3.5
2024,NO,17,338.0,398.0,19.88235294117647,23.41176470588235,-3.5294117647058805
2024,CHI,17,310.0,370.0,18.235294117647058,21.764705882352942,-3.529411764705884
2022,TEN,17,298.0,359.0,17.529411764705884,21.11764705882353,-3.588235294117645
2019,CLE,16,335.0,393.0,20.9375,24.5625,-3.625
2023,TEN,17,305.0,367.0,17.941176470588236,21.58823529411765,-3.647058823529413
2017,CIN,16,290.0,349.0,18.125,21.8125,-3.6875
2017,BUF,17,305.0,369.0,17.941176470588236,21.705882352941178,-3.764705882352942
2024,NYJ,17,338.0,404.0,19.88235294117647,23.764705882352942,-3.882352941176471
2021,LV,18,393.0,465.0,21.833333333333332,25.833333333333332,-4.0
2017,GB,16,320.0,384.0,20.0,24.0,-4.0
2025,CAR,18,342.0,414.0,19.0,23.0,-4.0
2017,ARI,16,295.0,361.0,18.4375,22.5625,-4.125
2021,PIT,18,364.0,440.0,20.22222222222222,24.444444444444443,-4.222222222222221
2022,DEN,17,287.0,359.0,16.88235294117647,21.11764705882353,-4.235294117647058
2018,TB,16,396.0,464.0,24.75,29.0,-4.25
2018,JAX,16,245.0,316.0,15.3125,19.75,-4.4375
2017,LV,16,301.0,373.0,18.8125,23.3125,-4.5
2026,PHI,4,75.0,93.0,18.75,23.25,-4.5
2025,NO,17,306.0,383.0,18.0,22.529411764705884,-4.529411764705884
2025,MIA,17,347.0,424.0,20.41176470588235,24.941176470588236,-4.529411764705884
2022,LAR,17,307.0,384.0,18.058823529411764,22.58823529411765,-4.529411764705884
2025,CIN,17,414.0,492.0,24.352941176470587,28.941176470588236,-4.5882352941176485
2020,NYG,16,280.0,357.0,17.5,22.3125,-4.8125
2018,WAS,16,281.0,359.0,17.5625,22.4375,-4.875
2020,DAL,16,395.0,473.0,24.6875,29.5625,-4.875
2026,TB,4,76.0,96.0,19.0,24.0,-5.0
2026,DEN,4,74.0,94.0,18.5,23.5,-5.0
2020,HOU,16,384.0,464.0,24.0,29.0,-5.0
2019,ARI,16,361.0,442.0,22.5625,27.625,-5.0625
2023,NYJ,17,268.0,355.0,15.764705882352942,20.88235294117647,-5.117647058823529
2016,JAX,16,318.0,400.0,19.875,25.0,-5.125
2019,DET,16,341.0,423.0,21.3125,26.4375,-5.125
2019,NYJ,16,276.0,359.0,17.25,22.4375,-5.1875
2017,NYJ,16,298.0,382.0,18.625,23.875,-5.25
2020,PHI,16,334.0,418.0,20.875,26.125,-5.25
2018,CIN,16,368.0,455.0,23.0,28.4375,-5.4375
2025,WAS,17,356.0,451.0,20.941176470588236,26.529411764705884,-5.5882352941176485
2021,CHI,17,311.0,407.0,18.294117647058822,23.941176470588236,-5.647058823529413
2026,NO,4,105.0,128.0,26.25,32.0,-5.75
2018,SF,16,342.0,435.0,21.375,27.1875,-5.8125
2017,DEN,16,289.0,382.0,18.0625,23.875,-5.8125
2021,WAS,17,335.0,434.0,19.705882352941178,25.529411764705884,-5.8235294117647065
2021,CAR,17,304.0,404.0,17.88235294117647,23.764705882352942,-5.882352941176471
2025,CLE,17,279.0,379.0,16.41176470588235,22.294117647058822,-5.882352941176471
2019,JAX,16,300.0,397.0,18.75,24.8125,-6.0625
2017,HOU,16,338.0,436.0,21.125,27.25,-6.125
2026,HOU,4,84.0,109.0,21.0,27.25,-6.25
2022,ARI,17,340.0,449.0,20.0,26.41176470588235,-6.4117647058823515
2018,BUF,16,269.0,374.0,16.8125,23.375,-6.5625
2019,LV,16,313.0,419.0,19.5625,26.1875,-6.625
2018,NYJ,16,333.0,441.0,20.8125,27.5625,-6.75
2024,JAX,17,320.0,435.0,18.823529411764707,25.58823529411765,-6.764705882352942
2019,NYG,16,341.0,451.0,21.3125,28.1875,-6.875
2024,DAL,17,350.0,468.0,20.58823529411765,27.529411764705884,-6.9411764705882355
2017,MIA,16,281.0,393.0,17.5625,24.5625,-7.0
2026,TEN,4,55.0,83.0,13.75,20.75,-7.0
2020,CIN,16,311.0,424.0,19.4375,26.5,-7.0625
2018,MIA,16,319.0,433.0,19.9375,27.0625,-7.125
2023,ARI,17,330.0,455.0,19.41176470588235,26.764705882352942,-7.3529411764705905
2024,LV,17,309.0,434.0,18.176470588235293,25.529411764705884,-7.3529411764705905
2026,ARI,4,87.0,117.0,21.75,29.25,-7.5
2016,CHI,16,279.0,399.0,17.4375,24.9375,-7.5
2024,NE,17,289.0,417.0,17.0,24.529411764705884,-7.529411764705884
2023,NE,17,236.0,366.0,13.882352941176471,21.529411764705884,-7.647058823529413
2020,DEN,16,323.0,446.0,20.1875,27.875,-7.6875
2022,HOU,17,289.0,420.0,17.0,24.705882352941178,-7.7058823529411775
2025,ARI,17,355.0,488.0,20.88235294117647,28.705882352941178,-7.8235294117647065
2026,GB,4,73.0,105.0,18.25,26.25,-8.0
2022,CHI,17,326.0,463.0,19.176470588235293,27.235294117647058,-8.058823529411764
2022,IND,17,289.0,427.0,17.0,25.11764705882353,-8.117647058823529
2019,CAR,16,340.0,470.0,21.25,29.375,-8.125
2023,NYG,17,266.0,407.0,15.647058823529411,23.941176470588236,-8.294117647058824
2021,DET,17,325.0,467.0,19.11764705882353,27.470588235294116,-8.352941176470587
2024,NYG,17,273.0,415.0,16.058823529411764,24.41176470588235,-8.352941176470587
2016,NYJ,16,275.0,409.0,17.1875,25.5625,-8.375
2026,WAS,4,88.0,122.0,22.0,30.5,-8.5
2021,ATL,17,313.0,459.0,18.41176470588235,27.0,-8.588235294117649
2024,TEN,17,311.0,460.0,18.294117647058822,27.058823529411764,-8.764705882352942
2017,IND,16,263.0,404.0,16.4375,25.25,-8.8125
2019,CIN,16,279.0,420.0,17.4375,26.25,-8.8125
2017,NYG,16,246.0,388.0,15.375,24.25,-8.875
2020,DET,16,377.0,519.0,23.5625,32.4375,-8.875
2021,NYG,17,258.0,416.0,15.176470588235293,24.470588235294116,-9.294117647058822
2026,LAC,4,67.0,106.0,16.75,26.5,-9.75
2021,HOU,17,280.0,452.0,16.470588235294116,26.58823529411765,-10.117647058823533
2024,CLE,17,258.0,435.0,15.176470588235293,25.58823529411765,-10.411764705882355
2019,WAS,16,266.0,435.0,16.625,27.1875,-10.5625
2023,CAR,17,236.0,416.0,13.882352941176471,24.470588235294116,-10.588235294117645
2016,LAR,16,224.0,394.0,14.0,24.625,-10.625
2016,SF,16,309.0,480.0,19.3125,30.0,-10.6875
2017,CLE,16,234.0,410.0,14.625,25.625,-11.0
2018,LV,16,290.0,467.0,18.125,29.1875,-11.0625
2023,WAS,17,329.0,518.0,19.352941176470587,30.470588235294116,-11.117647058823529
2025,LV,17,241.0,432.0,14.176470588235293,25.41176470588235,-11.235294117647058
2024,CAR,17,341.0,534.0,20.058823529411764,31.41176470588235,-11.352941176470587
2025,TEN,17,284.0,478.0,16.705882352941178,28.11764705882353,-11.411764705882351
2021,NYJ,17,310.0,504.0,18.235294117647058,29.647058823529413,-11.411764705882355
2020,JAX,16,306.0,492.0,19.125,30.75,-11.625
2019,MIA,16,306.0,494.0,19.125,30.875,-11.75
2016,CLE,16,264.0,452.0,16.5,28.25,-11.75
2025,NYJ,17,300.0,503.0,17.647058823529413,29.58823529411765,-11.941176470588236
2021,JAX,17,253.0,457.0,14.882352941176471,26.88235294117647,-12.0
2018,ARI,16,225.0,425.0,14.0625,26.5625,-12.5
2020,NYJ,16,243.0,457.0,15.1875,28.5625,-13.375
2026,MIA,4,46.0,101.0,11.5,25.25,-13.75
