team,season,position,depth_order,player_name,gsis_id,jersey_number,side,GP,fantasy_pts
ARI,2026,DB,1,Garrett Williams,00-0039007,0,defense,0,0.0
ARI,2026,DB,2,Budda Baker,00-0033890,0,defense,0,0.0
ARI,2026,DB,3,Andrew Wingard,00-0035378,0,defense,0,0.0
ARI,2026,DB,4,Denzel Burke,00-0040195,0,defense,0,0.0
ARI,2026,DB,5,Max Melton,00-0039807,0,defense,0,0.0
ARI,2026,DB,6,Will Johnson,00-0040751,0,defense,0,0.0
ARI,2026,DB,7,Dadrion Taylor-Demerson,00-0039864,0,defense,0,0.0
ARI,2026,DB,8,Wydett Williams Jr.,00-0041370,0,defense,0,0.0
ARI,2026,DB,9,Kei'Trel Clark,00-0038984,0,defense,0,0.0
ARI,2026,DB,10,Kalen King,00-0039239,0,defense,0,0.0
ARI,2026,DB,11,Kitan Crawford,00-0040230,0,defense,0,0.0
ARI,2026,DB,12,Joey Blount,00-0037141,0,defense,0,0.0
ARI,2026,DL,1,Josh Sweat,00-0034381,0,defense,0,0.0
ARI,2026,DL,2,Roy Lopez,00-0036568,0,defense,0,0.0
ARI,2026,DL,3,Walter Nolen III,00-0040706,0,defense,0,0.0
ARI,2026,DL,4,Dante Stills,00-0038623,0,defense,0,0.0
ARI,2026,DL,5,Jordan Burch,00-0040137,0,defense,0,0.0
ARI,2026,DL,6,Andrew Billings,00-0033066,0,defense,0,0.0
ARI,2026,DL,7,L.J. Collier,00-0035636,0,defense,0,0.0
ARI,2026,DL,8,Darius Robinson,00-0039854,0,defense,0,0.0
ARI,2026,DL,9,Eku Leota,00-0038782,0,defense,0,0.0
ARI,2026,DL,10,Zachary Carter,00-0037804,0,defense,0,0.0
ARI,2026,DL,11,Kaleb Proctor,00-0041555,0,defense,0,0.0
ARI,2026,LB,1,Jack Gibbens,00-0037596,0,defense,0,0.0
ARI,2026,LB,2,Mack Wilson Sr.,00-0035144,0,defense,0,0.0
ARI,2026,LB,3,Zaven Collins,00-0036933,0,defense,0,0.0
ARI,2026,LB,4,Karson Sharar,00-0041093,0,defense,0,0.0
ARI,2026,LB,5,Cody Simon,00-0040645,0,defense,0,0.0
ARI,2026,LB,6,Baron Browning,00-0036995,0,defense,0,0.0
ARI,2026,QB,1,Jacoby Brissett,00-0033119,0,offense,13,233.4
ARI,2026,QB,2,Gardner Minshew II,00-0035289,0,offense,2,0.3
ARI,2026,QB,3,Carson Beck,00-0041561,0,offense,0,0.0
ARI,2026,RB,1,Jeremiyah Love,00-0041027,0,offense,0,0.0
ARI,2026,RB,2,Tyler Allgeier,00-0037263,0,offense,17,123.0
ARI,2026,RB,3,Bam Knight,00-0037157,0,offense,9,93.1
ARI,2026,RB,4,James Conner,00-0033553,0,offense,3,33.3
ARI,2026,RB,5,Trey Benson,00-0039921,0,offense,4,35.4
ARI,2026,TE,1,Trey McBride,00-0037744,0,offense,17,315.9
ARI,2026,TE,2,Elijah Higgins,00-0039041,0,offense,13,57.1
ARI,2026,TE,3,Hunter Long,00-0037004,0,offense,7,32.5
ARI,2026,TE,4,Tip Reiman,00-0039737,0,offense,2,4.8
ARI,2026,TE,5,Jameson Geers,00-0041366,0,offense,0,0.0
ARI,2026,WR,1,Michael Wilson,00-0038559,0,offense,17,220.6
ARI,2026,WR,2,Marvin Harrison Jr.,00-0039849,0,offense,11,123.8
ARI,2026,WR,3,Kendrick Bourne,00-0033307,0,offense,12,92.1
ARI,2026,WR,4,Jalen Brooks,00-0038640,0,offense,2,8.1
ARI,2026,WR,5,Simi Fehoko,00-0036646,0,offense,0,0.0
ARI,2026,WR,6,Devin Duvernay,00-0036331,0,offense,2,4.6
ARI,2026,WR,7,Reggie Virgil,00-0041070,0,offense,0,0.0
ATL,2026,DB,1,C.J. Henderson,00-0036281,0,defense,0,0.0
ATL,2026,DB,2,Jessie Bates III,00-0034675,0,defense,0,0.0
ATL,2026,DB,3,Xavier Watts,00-0040148,0,defense,0,0.0
ATL,2026,DB,4,Mike Hughes,00-0034843,0,defense,0,0.0
ATL,2026,DB,5,Billy Bowman Jr.,00-0040156,0,defense,0,0.0
ATL,2026,DB,6,Malcolm DeWalt IV,00-0041188,0,defense,0,0.0
ATL,2026,DB,7,DeMarcco Hellams,00-0038628,0,defense,0,0.0
ATL,2026,DB,8,Sydney Brown,00-0039002,0,defense,0,0.0
ATL,2026,DB,9,Mike Ford Jr.,00-0034639,0,defense,0,0.0
ATL,2026,DB,10,Sydney Brown,00-0039002,0,defense,0,0.0
ATL,2026,DB,11,A.J. Terrell Jr.,00-0036285,0,defense,0,0.0
ATL,2026,DB,12,Robert Longerbeam,00-0040077,0,defense,0,0.0
ATL,2026,DB,13,Avieon Terrell,00-0041469,0,defense,0,0.0
ATL,2026,DL,1,LaCale London,00-0036204,0,defense,0,0.0
ATL,2026,DL,2,Gervon Dexter Sr.,00-0039070,0,defense,0,0.0
ATL,2026,DL,3,Brandon Dorlus,00-0039859,0,defense,0,0.0
ATL,2026,DL,4,Da'Shawn Hand,00-0034371,0,defense,0,0.0
ATL,2026,DL,5,Maason Smith,00-0039889,0,defense,0,0.0
ATL,2026,DL,6,Zach Harrison,00-0038980,0,defense,0,0.0
ATL,2026,DL,7,Anterio Thompson,00-0041484,0,defense,0,0.0
ATL,2026,LB,1,Za'Darius Smith,00-0031576,0,defense,0,0.0
ATL,2026,LB,2,Kendal Daniels,00-0041066,0,defense,0,0.0
ATL,2026,LB,3,Divine Deablo,00-0036990,0,defense,0,0.0
ATL,2026,LB,4,Samson Ebukam,00-0033945,0,defense,0,0.0
ATL,2026,LB,5,Cameron Thomas,00-0037815,0,defense,0,0.0
ATL,2026,LB,6,Harold Perkins Jr.,00-0041112,0,defense,0,0.0
ATL,2026,LB,7,Christian Harris,00-0037823,0,defense,0,0.0
ATL,2026,LB,8,Jared Ivey,00-0040056,0,defense,0,0.0
ATL,2026,LB,9,Yasir Abdullah,00-0038580,0,defense,0,0.0
ATL,2026,LB,10,Josh Woods,00-0034801,0,defense,0,0.0
ATL,2026,LB,11,JD Bertrand,00-0039370,0,defense,0,0.0
ATL,2026,LB,12,James Pearce Jr.,00-0040578,0,defense,0,0.0
ATL,2026,LB,13,Jalon Walker,00-0040577,0,defense,0,0.0
ATL,2026,LB,14,DeAngelo Malone,00-0037808,0,defense,0,0.0
ATL,2026,QB,1,Michael Penix Jr.,00-0039917,0,offense,9,122.3
ATL,2026,QB,2,Tua Tagovailoa,00-0036212,0,offense,14,160.7
ATL,2026,QB,3,Cooper Rush,00-0033662,0,offense,3,2.1
ATL,2026,QB,4,Jack Strand,00-0041194,0,offense,0,0.0
ATL,2026,RB,1,Bijan Robinson,00-0038542,0,offense,17,368.8
ATL,2026,RB,2,Brian Robinson Jr.,00-0037746,0,offense,16,62.5
ATL,2026,RB,3,Trey Sermon,00-0036984,0,offense,0,0.0
ATL,2026,TE,1,Kyle Pitts Sr.,00-0036970,0,offense,17,210.8
ATL,2026,TE,2,Charlie Woerner,00-0036429,0,offense,4,12.3
ATL,2026,TE,3,Austin Hooper,00-0032392,0,offense,12,59.3
ATL,2026,TE,4,Nick Muse,00-0037317,0,offense,0,0.0
ATL,2026,WR,1,Drake London,00-0037238,0,offense,12,199.9
ATL,2026,WR,2,Jahan Dotson,00-0037741,0,offense,11,50.2
ATL,2026,WR,3,Olamide Zaccheaus,00-0035208,0,offense,13,84.8
ATL,2026,WR,4,Zachariah Branch,00-0041044,0,offense,0,0.0
ATL,2026,WR,5,Chris Blair,00-0036463,0,offense,0,0.0
ATL,2026,WR,6,Beaux Collins,00-0040432,0,offense,2,4.5
BAL,2026,DB,1,Nate Wiggins,00-0039232,0,defense,0,0.0
BAL,2026,DB,2,Jaylinn Hawkins,00-0036302,0,defense,0,0.0
BAL,2026,DB,3,Malaki Starks,00-0040688,0,defense,0,0.0
BAL,2026,DB,4,Marlon Humphrey,00-0033281,0,defense,0,0.0
BAL,2026,DB,5,Kyle Hamilton,00-0038038,0,defense,0,0.0
BAL,2026,DB,6,Chidobe Awuzie,00-0033548,0,defense,0,0.0
BAL,2026,DB,7,Keondre Jackson,00-0040104,0,defense,0,0.0
BAL,2026,DB,8,T.J. Tampa,00-0039234,0,defense,0,0.0
BAL,2026,DB,9,Keyon Martin,00-0040636,0,defense,0,0.0
BAL,2026,DB,10,Bilhal Kone,00-0040073,0,defense,0,0.0
BAL,2026,DB,11,Jahquez Robinson,00-0040988,0,defense,0,0.0
BAL,2026,DB,12,Chandler Rivers,00-0040885,0,defense,0,0.0
BAL,2026,DL,1,Nnamdi Madubuike,00-0036130,0,defense,0,0.0
BAL,2026,DL,2,Travis Jones,00-0037756,0,defense,0,0.0
BAL,2026,DL,3,Calais Campbell,00-0026190,0,defense,0,0.0
BAL,2026,DL,4,Aeneas Peebles,00-0040076,0,defense,0,0.0
BAL,2026,DL,5,John Jenkins,00-0030070,0,defense,0,0.0
BAL,2026,DL,6,Broderick Washington Jr.,00-0036081,0,defense,0,0.0
BAL,2026,LB,1,Tavius Robinson,00-0038505,0,defense,0,0.0
BAL,2026,LB,2,Roquan Smith,00-0034874,0,defense,0,0.0
BAL,2026,LB,3,Teddye Buchanan,00-0040069,0,defense,0,0.0
BAL,2026,LB,4,Trey Hendrickson,00-0033935,0,defense,0,0.0
BAL,2026,LB,5,Zion Young,00-0041494,0,defense,0,0.0
BAL,2026,LB,6,Jay Higgins IV,00-0040100,0,defense,0,0.0
BAL,2026,LB,7,Trenton Simpson,00-0038504,0,defense,0,0.0
BAL,2026,LB,8,Mike Green,00-0040722,0,defense,0,0.0
BAL,2026,LB,9,Ethan Burke,00-0040978,0,defense,0,0.0
BAL,2026,LB,10,Carl Jones,00-0039460,0,defense,0,0.0
BAL,2026,QB,1,Lamar Jackson,00-0034796,0,offense,13,218.9
BAL,2026,QB,2,Tyler Huntley,00-0035993,0,offense,4,40.4
BAL,2026,QB,3,Joe Fagnano,00-0040981,0,offense,0,0.0
BAL,2026,QB,4,Skylar Thompson,00-0037327,0,offense,0,0.0
BAL,2026,RB,1,Derrick Henry,00-0032764,0,offense,17,279.5
BAL,2026,RB,2,Justice Hill,00-0034975,0,offense,8,65.3
BAL,2026,RB,3,Rasheen Ali,00-0039796,0,offense,7,24.2
BAL,2026,RB,4,Adam Randall,00-0040888,0,offense,0,0.0
BAL,2026,TE,1,Mark Andrews,00-0034753,0,offense,17,131.0
BAL,2026,TE,2,Durham Smythe,00-0034798,0,offense,4,6.5
BAL,2026,TE,3,Matthew Hibner,00-0040879,0,offense,0,0.0
BAL,2026,TE,4,Josh Cuevas,00-0040887,0,offense,0,0.0
BAL,2026,WR,1,Zay Flowers,00-0039064,0,offense,17,243.3
BAL,2026,WR,2,Rashod Bateman,00-0036550,0,offense,10,53.4
BAL,2026,WR,3,Devontez Walker,00-0039792,0,offense,4,37.6
BAL,2026,WR,4,Chris Moore,00-0032398,0,offense,7,38.6
BAL,2026,WR,5,Elijah Sarratt,00-0040876,0,offense,0,0.0
BAL,2026,WR,6,LaJohntay Wester,00-0040075,0,offense,0,0.0
BAL,2026,WR,7,Ja'Kobi Lane,00-0040870,0,offense,0,0.0
BUF,2026,DB,1,Christian Benford,00-0037288,0,defense,0,0.0
BUF,2026,DB,2,Cole Bishop,00-0039872,0,defense,0,0.0
BUF,2026,DB,3,C.J. Gardner-Johnson,00-0035253,0,defense,0,0.0
BUF,2026,DB,4,Maxwell Hairston,00-0040709,0,defense,0,0.0
BUF,2026,DB,5,Dee Alford,00-0037034,0,defense,0,0.0
BUF,2026,DB,6,Dorian Strong,00-0040197,0,defense,0,0.0
BUF,2026,DB,7,Damar Hamlin,00-0036888,0,defense,0,0.0
BUF,2026,DB,8,Sam Franklin Jr.,00-0036037,0,defense,0,0.0
BUF,2026,DB,9,Davison Igbinosun,00-0041391,0,defense,0,0.0
BUF,2026,DB,10,Jordan Hancock,00-0040192,0,defense,0,0.0
BUF,2026,DB,11,Jalon Kilgore,00-0041086,0,defense,0,0.0
BUF,2026,DL,1,T.J. Sanders,00-0040724,0,defense,0,0.0
BUF,2026,DL,2,Deone Walker,00-0040710,0,defense,0,0.0
BUF,2026,DL,3,Ed Oliver,00-0035230,0,defense,0,0.0
BUF,2026,DL,4,Landon Jackson,00-0040132,0,defense,0,0.0
BUF,2026,DL,5,Greg Gaines,00-0035667,0,defense,0,0.0
BUF,2026,DL,6,DeWayne Carter,00-0039873,0,defense,0,0.0
BUF,2026,DL,7,Phidarian Mathis,00-0038099,0,defense,0,0.0
BUF,2026,DL,8,Zane Durant,00-0041091,0,defense,0,0.0
BUF,2026,LB,1,Greg Rousseau,00-0036914,0,defense,0,0.0
BUF,2026,LB,2,Dorian Williams,00-0038557,0,defense,0,0.0
BUF,2026,LB,3,Terrel Bernard,00-0037254,0,defense,0,0.0
BUF,2026,LB,4,Bradley Chubb,00-0034832,0,defense,0,0.0
BUF,2026,LB,5,Michael Hoecht,00-0035933,0,defense,0,0.0
BUF,2026,LB,6,Kaleb Elarms-Orr,00-0041444,0,defense,0,0.0
BUF,2026,LB,7,Joe Andreessen,00-0039763,0,defense,0,0.0
BUF,2026,LB,8,TJ Parker,00-0041036,0,defense,0,0.0
BUF,2026,LB,9,Mike Danna,00-0036378,0,defense,0,0.0
BUF,2026,LB,10,Javon Solomon,00-0039879,0,defense,0,0.0
BUF,2026,QB,1,Josh Allen,00-0034857,0,offense,16,364.6
BUF,2026,QB,2,Kyle Allen,00-0034577,0,offense,0,0.0
BUF,2026,RB,1,James Cook III,00-0037248,0,offense,17,302.2
BUF,2026,RB,2,Ray Davis,00-0039875,0,offense,11,57.3
BUF,2026,RB,3,Ty Johnson,00-0035537,0,offense,16,97.1
BUF,2026,TE,1,Dalton Kincaid,00-0038933,0,offense,11,126.1
BUF,2026,TE,2,Dawson Knox,00-0035689,0,offense,15,101.7
BUF,2026,TE,3,Jackson Hawes,00-0040194,0,offense,12,51.7
BUF,2026,TE,4,Keleki Latu,00-0040363,0,offense,2,7.5
BUF,2026,WR,1,DJ Moore,00-0034827,0,offense,15,170.1
BUF,2026,WR,2,Khalil Shakir,00-0037261,0,offense,15,162.4
BUF,2026,WR,3,Keon Coleman,00-0039901,0,offense,12,100.4
BUF,2026,WR,4,Joshua Palmer,00-0036988,0,offense,12,52.3
BUF,2026,WR,5,Skyler Bell,00-0041443,0,offense,0,0.0
BUF,2026,WR,6,Tyrell Shavers,00-0038679,0,offense,8,45.5
CAR,2026,DB,1,Mike Jackson,00-0035277,0,defense,0,0.0
CAR,2026,DB,2,Tre'von Moehrig,00-0036962,0,defense,0,0.0
CAR,2026,DB,3,Nick Scott,00-0035669,0,defense,0,0.0
CAR,2026,DB,4,Will Lee III,00-0041063,0,defense,0,0.0
CAR,2026,DB,5,Jaycee Horn,00-0036944,0,defense,0,0.0
CAR,2026,DB,6,Akayleb Evans,00-0038101,0,defense,0,0.0
CAR,2026,DB,7,Zakee Wheatley,00-0041076,0,defense,0,0.0
CAR,2026,DB,8,Lathan Ransom,00-0040159,0,defense,0,0.0
CAR,2026,DB,9,Chau Smith-Wade,00-0039380,0,defense,0,0.0
CAR,2026,DL,1,Derrick Brown,00-0036220,0,defense,0,0.0
CAR,2026,DL,2,Lee Hunter,00-0041478,0,defense,0,0.0
CAR,2026,DL,3,Bobby Brown III,00-0036903,0,defense,0,0.0
CAR,2026,DL,4,Aaron Hall,00-0041148,0,defense,0,0.0
CAR,2026,DL,5,Cam Jackson,00-0040174,0,defense,0,0.0
CAR,2026,DL,6,TeRah Edwards,00-0040458,0,defense,0,0.0
CAR,2026,DL,7,Tershawn Wharton,00-0035890,0,defense,0,0.0
CAR,2026,LB,1,Patrick Jones II,00-0037007,0,defense,0,0.0
CAR,2026,LB,2,Devin Lloyd,00-0037244,0,defense,0,0.0
CAR,2026,LB,3,Bobby Okereke,00-0035687,0,defense,0,0.0
CAR,2026,LB,4,Jaelan Phillips,00-0036934,0,defense,0,0.0
CAR,2026,LB,5,Trevis Gipson,00-0036305,0,defense,0,0.0
CAR,2026,LB,6,Jackson Kuwatch,00-0041119,0,defense,0,0.0
CAR,2026,LB,7,Claudin Cherelus,00-0038493,0,defense,0,0.0
CAR,2026,LB,8,Princely Umanmielen,00-0040136,0,defense,0,0.0
CAR,2026,LB,9,Thomas Incoom,00-0038791,0,defense,0,0.0
CAR,2026,LB,10,Tyrel Dodson,00-0035352,0,defense,0,0.0
CAR,2026,LB,11,Nic Scourton,00-0040746,0,defense,0,0.0
CAR,2026,LB,12,Bam Martin-Scott,00-0040289,0,defense,0,0.0
CAR,2026,QB,1,Bryce Young,00-0039150,0,offense,16,220.0
CAR,2026,QB,2,Kenny Pickett,00-0038102,0,offense,5,7.7
CAR,2026,QB,3,Haynes King,00-0041149,0,offense,0,0.0
CAR,2026,RB,1,Chuba Hubbard,00-0036555,0,offense,15,125.4
CAR,2026,RB,2,Jonathon Brooks,00-0039344,0,offense,0,0.0
CAR,2026,RB,3,AJ Dillon,00-0036265,0,offense,6,9.1
CAR,2026,RB,4,Trevor Etienne,00-0040644,0,offense,8,13.7
CAR,2026,TE,1,Tommy Tremble,00-0037005,0,offense,13,62.9
CAR,2026,TE,2,Mitchell Evans,00-0040187,0,offense,11,48.2
CAR,2026,TE,3,Darren Waller,00-0031610,0,offense,7,87.7
CAR,2026,TE,4,Feleipe Franks,00-0036825,0,offense,2,0.4
CAR,2026,TE,5,Ja'Tavion Sanders,00-0039356,0,offense,10,54.0
CAR,2026,WR,1,Tetairoa McMillan,00-0040124,0,offense,17,213.3
CAR,2026,WR,2,Jalen Coker,00-0039491,0,offense,10,86.4
CAR,2026,WR,3,Xavier Legette,00-0039342,0,offense,13,88.5
CAR,2026,WR,4,Brycen Tremayne,00-0038840,0,offense,7,30.0
CAR,2026,WR,5,John Metchie III,00-0037614,0,offense,10,70.3
CAR,2026,WR,6,Chris Brazzell II,00-0041047,0,offense,0,0.0
CHI,2026,DB,1,Jaylon Johnson,00-0036292,0,defense,0,0.0
CHI,2026,DB,2,Dillon Thieneman,00-0041538,0,defense,0,0.0
CHI,2026,DB,3,Xavier Woods,00-0033579,0,defense,0,0.0
CHI,2026,DB,4,Tyrique Stevenson,00-0039071,0,defense,0,0.0
CHI,2026,DB,5,Cam Lewis,00-0035357,0,defense,0,0.0
CHI,2026,DB,6,Josh Blackwell,00-0037129,0,defense,0,0.0
CHI,2026,DB,7,Elijah Hicks,00-0037096,0,defense,0,0.0
CHI,2026,DB,8,Skyler Thomas,00-0041175,0,defense,0,0.0
CHI,2026,DB,9,Clark Phillips III,00-0038568,0,defense,0,0.0
CHI,2026,DB,10,Malik Muhammad,00-0041060,0,defense,0,0.0
CHI,2026,DB,11,Coby Bryant,00-0038136,0,defense,0,0.0
CHI,2026,DB,12,Dallis Flowers,00-0037395,0,defense,0,0.0
CHI,2026,DB,13,Kyler Gordon,00-0038111,0,defense,0,0.0
CHI,2026,DL,1,Montez Sweat,00-0035647,0,defense,0,0.0
CHI,2026,DL,2,Grady Jarrett,00-0031583,0,defense,0,0.0
CHI,2026,DL,3,Kentavius Street,00-0034320,0,defense,0,0.0
CHI,2026,DL,4,James Lynch,00-0036337,0,defense,0,0.0
CHI,2026,DL,5,Austin Booker,00-0039840,0,defense,0,0.0
CHI,2026,DL,6,Neville Gallimore,00-0036366,0,defense,0,0.0
CHI,2026,DL,7,Jordan van den Berg,00-0041110,0,defense,0,0.0
CHI,2026,DL,8,Dayo Odeyingbo,00-0036480,0,defense,0,0.0
CHI,2026,DL,9,Daniel Hardy,00-0037843,0,defense,0,0.0
CHI,2026,DL,10,Jayden Loving,00-0041171,0,defense,0,0.0
CHI,2026,DL,11,Shemar Turner,00-0040741,0,defense,0,0.0
CHI,2026,DL,12,Jonathan Garvin,00-0036239,0,defense,0,0.0
CHI,2026,DL,13,Jamree Kromah,00-0039461,0,defense,0,0.0
CHI,2026,LB,1,Devin Bush,00-0035525,0,defense,0,0.0
CHI,2026,LB,2,T.J. Edwards,00-0035386,0,defense,0,0.0
CHI,2026,LB,3,D'Marco Jackson,00-0037271,0,defense,0,0.0
CHI,2026,LB,4,Tony Fields II,00-0036634,0,defense,0,0.0
CHI,2026,LB,5,Keyshaun Elliott,00-0041085,0,defense,0,0.0
CHI,2026,LB,6,Jack Sanborn,00-0037109,0,defense,0,0.0
CHI,2026,LB,7,Nephi Sewell,00-0037544,0,defense,0,0.0
CHI,2026,LB,8,Noah Sewell,00-0038390,0,defense,0,0.0
CHI,2026,LB,9,Ruben Hyppolite II,00-0040167,0,defense,0,0.0
CHI,2026,QB,1,Caleb Williams,00-0039918,0,offense,17,318.2
CHI,2026,QB,2,Tyson Bagent,00-0038416,0,offense,2,2.6
CHI,2026,QB,3,Case Keenum,00-0028986,0,offense,0,0.0
CHI,2026,RB,1,D'Andre Swift,00-0036275,0,offense,16,227.7
CHI,2026,RB,2,Kyle Monangai,00-0040236,0,offense,17,142.7
CHI,2026,RB,3,Roschon Johnson,00-0039021,0,offense,2,1.7
CHI,2026,RB,4,Brittain Brown,00-0037329,0,offense,1,9.7
CHI,2026,TE,1,Colston Loveland,00-0040126,0,offense,15,165.1
CHI,2026,TE,2,Cole Kmet,00-0036290,0,offense,15,75.7
CHI,2026,TE,3,Sam Roush,00-0041558,0,offense,0,0.0
CHI,2026,TE,4,Nikola Kalinic,00-0037031,0,offense,0,0.0
CHI,2026,TE,5,Hayden Large,00-0041170,0,offense,0,0.0
CHI,2026,WR,1,Rome Odunze,00-0039919,0,offense,11,144.1
CHI,2026,WR,2,Luther Burden III,00-0040735,0,offense,12,124.7
CHI,2026,WR,3,Kalif Raymond,00-0032464,0,offense,11,60.8
CHI,2026,WR,4,Zavion Thomas,00-0041051,0,offense,0,0.0
CHI,2026,WR,5,Jahdae Walker,00-0040277,0,offense,3,26.7
CIN,2026,DB,1,Dax Hill,00-0037743,0,defense,0,0.0
CIN,2026,DB,2,Jordan Battle,00-0038560,0,defense,0,0.0
CIN,2026,DB,3,Bryan Cook,00-0037193,0,defense,0,0.0
CIN,2026,DB,4,DJ Turner II,00-0038549,0,defense,0,0.0
CIN,2026,DB,5,Jalen Davis,00-0034446,0,defense,0,0.0
CIN,2026,DB,6,Tacario Davis,00-0041464,0,defense,0,0.0
CIN,2026,DB,7,Kyle Dugger,00-0036231,0,defense,0,0.0
CIN,2026,DB,8,PJ Jules,00-0039632,0,defense,0,0.0
CIN,2026,DB,9,DJ Ivey,00-0038642,0,defense,0,0.0
CIN,2026,DB,10,Josh Newton,00-0039375,0,defense,0,0.0
CIN,2026,DB,11,Ja'Sir Taylor,00-0037307,0,defense,0,0.0
CIN,2026,DL,1,Boye Mafe,00-0038133,0,defense,0,0.0
CIN,2026,DL,2,Dexter Lawrence II,00-0035683,0,defense,0,0.0
CIN,2026,DL,3,Jonathan Allen,00-0033523,0,defense,0,0.0
CIN,2026,DL,4,Myles Murphy,00-0038546,0,defense,0,0.0
CIN,2026,DL,5,Cashius Howell,00-0041546,0,defense,0,0.0
CIN,2026,DL,6,T.J. Slaton Jr.,00-0036642,0,defense,0,0.0
CIN,2026,DL,7,B.J. Hill,00-0034800,0,defense,0,0.0
CIN,2026,DL,8,Shemar Stewart,00-0040756,0,defense,0,0.0
CIN,2026,DL,9,Landon Robinson,00-0041118,0,defense,0,0.0
CIN,2026,DL,10,Kris Jenkins Jr.,00-0039908,0,defense,0,0.0
CIN,2026,DL,11,Cedric Johnson,00-0039752,0,defense,0,0.0
CIN,2026,LB,1,Demetrius Knight Jr.,00-0040738,0,defense,0,0.0
CIN,2026,LB,2,Barrett Carter,00-0040157,0,defense,0,0.0
CIN,2026,LB,3,Oren Burks,00-0034754,0,defense,0,0.0
CIN,2026,LB,4,Swayze Bozeman,00-0039313,0,defense,0,0.0
CIN,2026,QB,1,Joe Burrow,00-0036442,0,offense,8,134.5
CIN,2026,QB,2,Joe Flacco,00-0026158,0,offense,13,148.7
CIN,2026,RB,1,Chase Brown,00-0038597,0,offense,17,278.3
CIN,2026,RB,2,Samaje Perine,00-0033526,0,offense,14,77.9
CIN,2026,RB,3,Tahj Brooks,00-0040208,0,offense,6,6.4
CIN,2026,TE,1,Mike Gesicki,00-0034829,0,offense,12,70.7
CIN,2026,TE,2,Drew Sample,00-0035631,0,offense,7,29.2
CIN,2026,TE,3,Erick All Jr.,00-0039814,0,offense,0,0.0
CIN,2026,TE,4,Jack Endries,00-0041116,0,offense,0,0.0
CIN,2026,WR,1,Ja'Marr Chase,00-0036900,0,offense,16,313.6
CIN,2026,WR,2,Tee Higgins,00-0036410,0,offense,15,209.6
CIN,2026,WR,3,Andrei Iosivas,00-0038619,0,offense,13,89.9
CIN,2026,WR,4,Colbie Young,00-0041069,0,offense,0,0.0
CIN,2026,WR,5,Dohnte Meyers,00-0040785,0,offense,0,0.0
CIN,2026,WR,6,Ke'Shawn Williams,00-0040534,0,offense,3,2.5
CLE,2026,DB,1,Denzel Ward,00-0034856,0,defense,0,0.0
CLE,2026,DB,2,Grant Delpit,00-0036282,0,defense,0,0.0
CLE,2026,DB,3,Ronnie Hickman,00-0038715,0,defense,0,0.0
CLE,2026,DB,4,Tyson Campbell,00-0036974,0,defense,0,0.0
CLE,2026,DB,5,Myles Harden,00-0039417,0,defense,0,0.0
CLE,2026,DB,6,Toriano Pride Jr.,00-0041115,0,defense,0,0.0
CLE,2026,DB,7,Emmanuel McNeil-Warren,00-0041471,0,defense,0,0.0
CLE,2026,DB,8,Donovan McMillon,00-0040263,0,defense,0,0.0
CLE,2026,DB,9,Mekhi Blackmon,00-0038565,0,defense,0,0.0
CLE,2026,DB,10,Noah Igbinoghene,00-0036287,0,defense,0,0.0
CLE,2026,DB,11,Damarri Mathis,00-0038105,0,defense,0,0.0
CLE,2026,DB,12,Daniel Thomas,00-0036306,0,defense,0,0.0
CLE,2026,DL,1,Isaiah McGuire,00-0038574,0,defense,0,0.0
CLE,2026,DL,2,Mason Graham,00-0040685,0,defense,0,0.0
CLE,2026,DL,3,Maliek Collins,00-0033131,0,defense,0,0.0
CLE,2026,DL,4,Jared Verse,00-0039852,0,defense,0,0.0
CLE,2026,DL,5,Derek Barnett,00-0033876,0,defense,0,0.0
CLE,2026,DL,6,Adin Huntington,00-0040255,0,defense,0,0.0
CLE,2026,DL,7,Mike Hall Jr.,00-0039895,0,defense,0,0.0
CLE,2026,DL,8,Sam Williams,00-0037665,0,defense,0,0.0
CLE,2026,DL,9,Alex Wright,00-0037251,0,defense,0,0.0
CLE,2026,DL,10,Kalia Davis,00-0037832,0,defense,0,0.0
CLE,2026,DL,11,Elijah Chatman,00-0039764,0,defense,0,0.0
CLE,2026,LB,1,Easton Mascarenas-Arnold,00-0040261,0,defense,0,0.0
CLE,2026,LB,2,Carson Schwesinger,00-0040579,0,defense,0,0.0
CLE,2026,LB,3,Quincy Williams,00-0035680,0,defense,0,0.0
CLE,2026,LB,4,Winston Reid,00-0039515,0,defense,0,0.0
CLE,2026,LB,5,Edefuan Ulofoshio,00-0039878,0,defense,0,0.0
CLE,2026,LB,6,Justin Jefferson,00-0041075,0,defense,17,201.5
CLE,2026,LB,7,Jeremiah Owusu-Koramoah,00-0036915,0,defense,0,0.0
CLE,2026,QB,1,Deshaun Watson,00-0033537,0,offense,0,0.0
CLE,2026,QB,2,Shedeur Sanders,00-0040668,0,offense,8,86.9
CLE,2026,QB,3,Taylen Green,00-0041092,0,offense,0,0.0
CLE,2026,QB,4,Dillon Gabriel,00-0040704,0,offense,7,70.1
CLE,2026,RB,1,Quinshon Judkins,00-0040784,0,offense,14,167.8
CLE,2026,RB,2,Raheim Sanders,00-0040466,0,offense,4,20.3
CLE,2026,RB,3,Jaleel McLaughlin,00-0038794,0,offense,7,31.4
CLE,2026,RB,4,Dylan Sampson,00-0040162,0,offense,13,86.9
CLE,2026,TE,1,Harold Fannin Jr.,00-0040663,0,offense,16,186.4
CLE,2026,TE,2,Blake Whiteheart,00-0038710,0,offense,1,1.4
CLE,2026,TE,3,Carsen Ryan,00-0041131,0,offense,0,0.0
CLE,2026,TE,4,Joe Royer,00-0041087,0,offense,0,0.0
CLE,2026,WR,1,Denzel Boston,00-0041037,0,offense,0,0.0
CLE,2026,WR,2,KC Concepcion,00-0041547,0,offense,0,0.0
CLE,2026,WR,3,Jerry Jeudy,00-0036407,0,offense,16,120.7
CLE,2026,WR,4,Isaiah Bond,00-0040782,0,offense,12,52.7
CLE,2026,WR,5,Tylan Wallace,00-0036630,0,offense,3,14.5
CLE,2026,WR,6,Malachi Corley,00-0039920,0,offense,12,31.6
DAL,2026,DB,1,Cobie Durant,00-0037839,0,defense,0,0.0
DAL,2026,DB,2,Jalen Thompson,00-0035705,0,defense,0,0.0
DAL,2026,DB,3,Malik Hooker,00-0033877,0,defense,0,0.0
DAL,2026,DB,4,DaRon Bland,00-0037275,0,defense,0,0.0
DAL,2026,DB,5,Caleb Downs,00-0040865,0,defense,0,0.0
DAL,2026,DB,6,Shavon Revel Jr.,00-0040008,0,defense,0,0.0
DAL,2026,DB,7,Markquese Bell,00-0037561,0,defense,0,0.0
DAL,2026,DB,8,P.J. Locke,00-0035227,0,defense,0,0.0
DAL,2026,DB,9,Ameer Speed,00-0038624,0,defense,0,0.0
DAL,2026,DB,10,Devin Moore,00-0040875,0,defense,0,0.0
DAL,2026,DB,11,Alijah Clark,00-0040045,0,defense,0,0.0
DAL,2026,DB,12,Caelen Carson,00-0039387,0,defense,0,0.0
DAL,2026,DL,1,Quinnen Williams,00-0035718,0,defense,0,0.0
DAL,2026,DL,2,Otito Ogbonnia,00-0037270,0,defense,0,0.0
DAL,2026,DL,3,Kenny Clark,00-0033120,0,defense,0,0.0
DAL,2026,DL,4,LT Overton,00-0040880,0,defense,0,0.0
DAL,2026,DL,5,Jonathan Bullard,00-0033093,0,defense,0,0.0
DAL,2026,DL,6,Kelvin Gilliam Jr.,00-0040933,0,defense,0,0.0
DAL,2026,LB,1,Rashan Gary,00-0034967,0,defense,0,0.0
DAL,2026,LB,2,DeMarvion Overshown,00-0038556,0,defense,0,0.0
DAL,2026,LB,3,Dee Winters,00-0038625,0,defense,0,0.0
DAL,2026,LB,4,Donovan Ezeiruaku,00-0040725,0,defense,0,0.0
DAL,2026,LB,5,Von Miller,00-0027940,0,defense,0,0.0
DAL,2026,LB,6,Jaishawn Barham,00-0040872,0,defense,0,0.0
DAL,2026,LB,7,Shemar James,00-0040011,0,defense,0,0.0
DAL,2026,LB,8,Malachi Lawrence,00-0041537,0,defense,0,0.0
DAL,2026,LB,9,James Houston,00-0037310,0,defense,0,0.0
DAL,2026,LB,10,Tyrus Wheat,00-0038742,0,defense,0,0.0
DAL,2026,LB,11,Marist Liufau,00-0039352,0,defense,0,0.0
DAL,2026,QB,1,Dak Prescott,00-0033077,0,offense,17,309.8
DAL,2026,QB,2,Sam Howell,00-0037077,0,offense,0,0.0
DAL,2026,RB,1,Javonte Williams,00-0036997,0,offense,16,242.8
DAL,2026,RB,2,Emari Demercado,00-0038705,0,offense,10,58.3
DAL,2026,RB,3,Tyler Goodson,00-0037120,0,offense,6,4.2
DAL,2026,RB,4,Malik Davis,00-0037563,0,offense,9,40.6
DAL,2026,TE,1,Jake Ferguson,00-0038041,0,offense,16,186.1
DAL,2026,TE,2,Brevyn Spann-Ford,00-0039530,0,offense,8,24.0
DAL,2026,TE,3,Luke Schoonmaker,00-0038547,0,offense,11,27.2
DAL,2026,TE,4,Princeton Fant,00-0038735,0,offense,0,0.0
DAL,2026,TE,5,DJ Rogers,00-0040938,0,offense,0,0.0
DAL,2026,WR,1,CeeDee Lamb,00-0036358,0,offense,13,200.9
DAL,2026,WR,2,George Pickens,00-0037247,0,offense,17,289.9
DAL,2026,WR,3,Ryan Flournoy,00-0039410,0,offense,12,114.0
DAL,2026,WR,4,KaVontae Turpin,00-0037801,0,offense,13,82.7
DAL,2026,WR,5,Jonathan Mingo,00-0039062,0,offense,1,3.5
DAL,2026,WR,6,Camden Brown,00-0040930,0,offense,0,0.0
DEN,2026,DB,1,Pat Surtain II,00-0036874,0,defense,0,0.0
DEN,2026,DB,2,Talanoa Hufanga,00-0036564,0,defense,0,0.0
DEN,2026,DB,3,Brandon Jones,00-0036221,0,defense,0,0.0
DEN,2026,DB,4,Riley Moss,00-0038552,0,defense,0,0.0
DEN,2026,DB,5,Ja'Quan McMillian,00-0037384,0,defense,0,0.0
DEN,2026,DB,6,Jahdae Barron,00-0040720,0,defense,0,0.0
DEN,2026,DB,7,JL Skinner,00-0038605,0,defense,0,0.0
DEN,2026,DB,8,Devon Key,00-0036683,0,defense,0,0.0
DEN,2026,DB,9,Kris Abrams-Draine,00-0039371,0,defense,0,0.0
DEN,2026,DB,10,Jahdae Barron,00-0040720,0,defense,0,0.0
DEN,2026,DB,11,Tycen Anderson,00-0037752,0,defense,0,0.0
DEN,2026,DL,1,Zach Allen,00-0035248,0,defense,0,0.0
DEN,2026,DL,2,D.J. Jones,00-0033297,0,defense,0,0.0
DEN,2026,DL,3,Eyioma Uwazurike,00-0038106,0,defense,0,0.0
DEN,2026,DL,4,Jordan Jackson,00-0037294,0,defense,0,0.0
DEN,2026,DL,5,Sai'vion Jones,00-0040153,0,defense,0,0.0
DEN,2026,DL,6,Malcolm Roach,00-0035763,0,defense,0,0.0
DEN,2026,DL,7,Tyler Onyedim,00-0041552,0,defense,0,0.0
DEN,2026,DL,8,Matt Henningsen,00-0037303,0,defense,0,0.0
DEN,2026,LB,1,Jonah Elliss,00-0039809,0,defense,0,0.0
DEN,2026,LB,2,Alex Singleton,00-0031898,0,defense,0,0.0
DEN,2026,LB,3,Justin Strnad,00-0036428,0,defense,0,0.0
DEN,2026,LB,4,Nik Bonitto,00-0037249,0,defense,0,0.0
DEN,2026,LB,5,Dondrea Tillman,00-0037799,0,defense,0,0.0
DEN,2026,LB,6,Jordan Turner,00-0040634,0,defense,0,0.0
DEN,2026,LB,7,Karene Reid,00-0040449,0,defense,0,0.0
DEN,2026,LB,8,Que Robinson,00-0040168,0,defense,0,0.0
DEN,2026,LB,9,Jonathon Cooper,00-0036952,0,defense,0,0.0
DEN,2026,LB,10,Levelle Bailey,00-0039565,0,defense,0,0.0
DEN,2026,QB,1,Bo Nix,00-0039732,0,offense,17,298.8
DEN,2026,QB,2,Jarrett Stidham,00-0035264,0,offense,0,0.0
DEN,2026,QB,3,Sam Ehlinger,00-0036879,0,offense,0,0.0
DEN,2026,RB,1,J.K. Dobbins,00-0036158,0,offense,10,115.9
DEN,2026,RB,2,RJ Harvey,00-0040730,0,offense,17,206.6
DEN,2026,RB,3,Jonah Coleman,00-0041496,0,offense,0,0.0
DEN,2026,RB,4,Tyler Badie,00-0037085,0,offense,12,34.4
DEN,2026,TE,1,Evan Engram,00-0033881,0,offense,15,102.8
DEN,2026,TE,2,Adam Trautman,00-0036422,0,offense,11,45.5
DEN,2026,TE,3,Nate Adkins,00-0038783,0,offense,3,16.8
DEN,2026,TE,4,Dallen Bentley,00-0041133,0,offense,0,0.0
DEN,2026,TE,5,Caleb Lohner,00-0040240,0,offense,0,0.0
DEN,2026,WR,1,Jaylen Waddle,00-0036613,0,offense,16,194.1
DEN,2026,WR,2,Courtland Sutton,00-0034348,0,offense,17,217.7
DEN,2026,WR,3,Marvin Mims Jr.,00-0038976,0,offense,15,89.0
DEN,2026,WR,4,Pat Bryant,00-0040134,0,offense,11,74.8
DEN,2026,WR,5,Troy Franklin,00-0039868,0,offense,16,171.1
DEN,2026,WR,6,Lil'Jordan Humphrey,00-0035406,0,offense,5,34.6
DET,2026,DB,1,D.J. Reed,00-0034384,0,defense,0,0.0
DET,2026,DB,2,Thomas Harper,00-0039660,0,defense,0,0.0
DET,2026,DB,3,Chuck Clark,00-0033294,0,defense,0,0.0
DET,2026,DB,4,Rock Ya-Sin,00-0035637,0,defense,0,0.0
DET,2026,DB,5,Christian Izien,00-0038820,0,defense,0,0.0
DET,2026,DB,6,Keith Abney II,00-0041445,0,defense,0,0.0
DET,2026,DB,7,Avonte Maddox,00-0034377,0,defense,0,0.0
DET,2026,DB,8,Bishop Fitzgerald,00-0040914,0,defense,0,0.0
DET,2026,DB,9,Khalil Dorsey,00-0036124,0,defense,0,0.0
DET,2026,DB,10,Roger McCreary,00-0038125,0,defense,0,0.0
DET,2026,DB,11,Brian Branch,00-0039141,0,defense,0,0.0
DET,2026,DB,12,Ennis Rakestraw Jr.,00-0039862,0,defense,0,0.0
DET,2026,DB,13,Kerby Joseph,00-0037667,0,defense,0,0.0
DET,2026,DL,1,Aidan Hutchinson,00-0037236,0,defense,0,0.0
DET,2026,DL,2,Alim McNeill,00-0036624,0,defense,0,0.0
DET,2026,DL,3,Tyleik Williams,00-0040672,0,defense,0,0.0
DET,2026,DL,4,Tyler Lacy,00-0038940,0,defense,0,0.0
DET,2026,DL,5,Derrick Moore,00-0041441,0,defense,0,0.0
DET,2026,DL,6,Mekhi Wingo,00-0039396,0,defense,0,0.0
DET,2026,DL,7,Levi Onwuzurike,00-0036954,0,defense,0,0.0
DET,2026,DL,8,DJ Wonnum,00-0036335,0,defense,0,0.0
DET,2026,DL,9,Eric O'Neill,00-0041459,0,defense,0,0.0
DET,2026,DL,10,Skyler Gill-Howard,00-0041447,0,defense,0,0.0
DET,2026,DL,11,Trevor Nowaske,00-0038660,0,defense,0,0.0
DET,2026,DL,12,Payton Turner,00-0036926,0,defense,0,0.0
DET,2026,DL,13,Ahmed Hassanein,00-0040761,0,defense,0,0.0
DET,2026,LB,1,Derrick Barnes,00-0036964,0,defense,0,0.0
DET,2026,LB,2,Jack Campbell,00-0039018,0,defense,0,0.0
DET,2026,LB,3,Devin White,00-0035707,0,defense,0,0.0
DET,2026,LB,4,Jimmy Rolder,00-0041442,0,defense,0,0.0
DET,2026,LB,5,Malcolm Rodriguez,00-0037289,0,defense,0,0.0
DET,2026,LB,6,Damone Clark,00-0037281,0,defense,0,0.0
DET,2026,QB,1,Jared Goff,00-0033106,0,offense,17,303.1
DET,2026,QB,2,Joshua Dobbs,00-0033949,0,offense,3,2.3
DET,2026,RB,1,Jahmyr Gibbs,00-0039139,0,offense,17,366.6
DET,2026,RB,2,Sione Vaki,00-0039364,0,offense,1,0.4
DET,2026,RB,3,Jacob Saylors,00-0038896,0,offense,1,1.1
DET,2026,RB,4,Isiah Pacheco,00-0037197,0,offense,13,87.3
DET,2026,TE,1,Sam LaPorta,00-0039065,0,offense,9,106.9
DET,2026,TE,2,Brock Wright,00-0036754,0,offense,6,36.8
DET,2026,TE,3,Tyler Conklin,00-0034270,0,offense,5,17.3
DET,2026,TE,4,Jackson Meeks,00-0040390,0,offense,0,0.0
DET,2026,WR,1,Amon-Ra St. Brown,00-0036963,0,offense,16,324.0
DET,2026,WR,2,Jameson Williams,00-0037240,0,offense,15,219.1
DET,2026,WR,3,Isaac TeSlaa,00-0040669,0,offense,9,75.9
DET,2026,WR,4,Tom Kennedy,00-0035544,0,offense,1,7.6
DET,2026,WR,5,Tay Martin,00-0037524,0,offense,2,4.3
DET,2026,WR,6,Kendrick Law,00-0041446,0,offense,0,0.0
GB,2026,DB,1,Keisean Nixon,00-0035133,0,defense,0,0.0
GB,2026,DB,2,Evan Williams,00-0039813,0,defense,0,0.0
GB,2026,DB,3,Xavier McKinney,00-0036388,0,defense,0,0.0
GB,2026,DB,4,Brandon Cisse,00-0041470,0,defense,0,0.0
GB,2026,DB,5,Javon Bullard,00-0039867,0,defense,0,0.0
GB,2026,DB,6,Benjamin St-Juste,00-0036625,0,defense,0,0.0
GB,2026,DB,7,Kitan Oladapo,00-0039818,0,defense,0,0.0
GB,2026,DB,8,Carrington Valentine,00-0038408,0,defense,0,0.0
GB,2026,DB,9,Kamal Hadden,00-0039831,0,defense,0,0.0
GB,2026,DB,10,Johnathan Baldwin II,00-0040033,0,defense,0,0.0
GB,2026,DB,11,Marlon Jones,00-0008818,0,defense,0,0.0
GB,2026,DL,1,Karl Brooks,00-0038398,0,defense,0,0.0
GB,2026,DL,2,Javon Hargrave,00-0033109,0,defense,0,0.0
GB,2026,DL,3,Devonte Wyatt,00-0037075,0,defense,0,0.0
GB,2026,DL,4,Anthony Campbell,00-0040689,0,defense,0,0.0
GB,2026,DL,5,Jonathan Ford,00-0037094,0,defense,0,0.0
GB,2026,DL,6,Warren Brinson,00-0040016,0,defense,0,0.0
GB,2026,DL,7,Jordon Riley,00-0038506,0,defense,0,0.0
GB,2026,DL,8,Chris McClellan,00-0040869,0,defense,0,0.0
GB,2026,LB,1,Lukas Van Ness,00-0039112,0,defense,0,0.0
GB,2026,LB,2,Edgerrin Cooper,00-0039850,0,defense,0,0.0
GB,2026,LB,3,Zaire Franklin,00-0034431,0,defense,0,0.0
GB,2026,LB,4,Barryn Sorrell,00-0040010,0,defense,0,0.0
GB,2026,LB,5,Brenton Cox Jr.,00-0038463,0,defense,0,0.0
GB,2026,LB,6,Ty'Ron Hopper,00-0039812,0,defense,0,0.0
GB,2026,LB,7,Isaiah McDuffie,00-0036658,0,defense,0,0.0
GB,2026,LB,8,Micah Parsons,00-0036932,0,defense,0,0.0
GB,2026,LB,9,Dani Dennis-Sutton,00-0040877,0,defense,0,0.0
GB,2026,LB,10,Nick Niemann,00-0036648,0,defense,0,0.0
GB,2026,LB,11,Collin Oliver,00-0040012,0,defense,0,0.0
GB,2026,QB,1,Jordan Love,00-0036264,0,offense,15,235.1
GB,2026,QB,2,Tyrod Taylor,00-0028118,0,offense,6,61.5
GB,2026,RB,1,MarShawn Lloyd,00-0039811,0,offense,0,0.0
GB,2026,RB,2,Chris Brooks,00-0038685,0,offense,13,32.7
GB,2026,RB,3,Kaleb Johnson,00-0040142,0,offense,9,9.0
GB,2026,RB,4,Josh Jacobs,00-0035700,0,offense,15,237.1
GB,2026,TE,1,Tucker Kraft,00-0038996,0,offense,8,117.2
GB,2026,TE,2,Jonnu Smith,00-0033858,0,offense,15,85.2
GB,2026,TE,3,Josh Whyle,00-0038589,0,offense,5,14.6
GB,2026,TE,4,Mark Redman,00-0040598,0,offense,0,0.0
GB,2026,TE,5,Luke Musgrave,00-0039144,0,offense,12,48.3
GB,2026,TE,6,Thomas Yassmin,00-0039936,0,offense,0,0.0
GB,2026,WR,1,Christian Watson,00-0038124,0,offense,10,132.4
GB,2026,WR,2,Jayden Reed,00-0039146,0,offense,5,48.5
GB,2026,WR,3,Matthew Golden,00-0040667,0,offense,13,70.0
GB,2026,WR,4,Skyy Moore,00-0038090,0,offense,7,14.8
GB,2026,WR,5,Bo Melton,00-0037091,0,offense,6,24.2
GB,2026,WR,6,J. Michael Sturdivant,00-0040948,0,offense,0,0.0
GB,2026,WR,7,Savion Williams,00-0040009,0,offense,9,25.6
HOU,2026,DB,1,Derek Stingley Jr.,00-0037237,0,defense,0,0.0
HOU,2026,DB,2,Reed Blankenship,00-0037130,0,defense,0,0.0
HOU,2026,DB,3,Calen Bullock,00-0039838,0,defense,0,0.0
HOU,2026,DB,4,Kamari Lassiter,00-0039343,0,defense,0,0.0
HOU,2026,DB,5,Jalen Pitre,00-0037246,0,defense,0,0.0
HOU,2026,DB,6,Jaylin Smith,00-0040149,0,defense,0,0.0
HOU,2026,DB,7,Kamari Ramsey,00-0041466,0,defense,0,0.0
HOU,2026,DB,8,M.J. Stewart,00-0034355,0,defense,0,0.0
HOU,2026,DB,9,Tremon Smith,00-0034278,0,defense,0,0.0
HOU,2026,DB,10,Collin Wright,00-0041313,0,defense,0,0.0
HOU,2026,DB,11,Ja'Marcus Ingram,00-0037661,0,defense,0,0.0
HOU,2026,DL,1,Will Anderson Jr.,00-0039108,0,defense,0,0.0
HOU,2026,DL,2,Tommy Togiai,00-0036883,0,defense,0,0.0
HOU,2026,DL,3,Sheldon Rankins,00-0032759,0,defense,0,0.0
HOU,2026,DL,4,Danielle Hunter,00-0031565,0,defense,0,0.0
HOU,2026,DL,5,Dominique Robinson,00-0037082,0,defense,0,0.0
HOU,2026,DL,6,Logan Hall,00-0038127,0,defense,0,0.0
HOU,2026,DL,7,Mario Edwards Jr.,00-0032265,0,defense,0,0.0
HOU,2026,DL,8,Jadeveon Clowney,00-0031364,0,defense,0,0.0
HOU,2026,DL,9,Sabastian Harsh,00-0041305,0,defense,0,0.0
HOU,2026,DL,10,Kayden McDonald,00-0041440,0,defense,0,0.0
HOU,2026,DL,11,Jaden Crumedy,00-0039402,0,defense,0,0.0
HOU,2026,DL,12,Ali Gaye,00-0038724,0,defense,0,0.0
HOU,2026,DL,13,Dylan Horton,00-0039009,0,defense,0,0.0
HOU,2026,DL,14,Solomon Byrd,00-0039427,0,defense,0,0.0
HOU,2026,LB,1,Aiden Fisher,00-0041449,0,defense,0,0.0
HOU,2026,LB,2,Azeez Al-Shaair,00-0035166,0,defense,0,0.0
HOU,2026,LB,3,Jake Hummel,00-0037633,0,defense,0,0.0
HOU,2026,LB,4,Jamal Hill,00-0039395,0,defense,0,0.0
HOU,2026,LB,5,Jake Hansen,00-0037457,0,defense,0,0.0
HOU,2026,LB,6,Wade Woodaz,00-0041465,0,defense,0,0.0
HOU,2026,LB,7,Henry To'oTo'o,00-0038599,0,defense,0,0.0
HOU,2026,LB,8,K.C. Ossai,00-0040413,0,defense,0,0.0
HOU,2026,LB,9,E.J. Speed,00-0034987,0,defense,0,0.0
HOU,2026,QB,1,C.J. Stroud,00-0039163,0,offense,14,208.5
HOU,2026,QB,2,Davis Mills,00-0036898,0,offense,6,66.6
HOU,2026,QB,3,Graham Mertz,00-0040211,0,offense,0,0.0
HOU,2026,RB,1,David Montgomery,00-0035685,0,offense,17,164.9
HOU,2026,RB,2,Woody Marks,00-0040583,0,offense,16,145.1
HOU,2026,RB,3,British Brooks,00-0039603,0,offense,2,7.8
HOU,2026,TE,1,Dalton Schultz,00-0034383,0,offense,17,177.7
HOU,2026,TE,2,Foster Moreau,00-0034981,0,offense,5,12.9
HOU,2026,TE,3,Marlin Klein,00-0041472,0,offense,0,0.0
HOU,2026,TE,4,Cade Stover,00-0039359,0,offense,5,19.9
HOU,2026,TE,5,Brevin Jordan,00-0036556,0,offense,0,0.0
HOU,2026,WR,1,Nico Collins,00-0036554,0,offense,15,224.2
HOU,2026,WR,2,Xavier Hutchinson,00-0038618,0,offense,15,98.0
HOU,2026,WR,3,Kayshon Boutte,00-0038608,0,offense,13,124.1
HOU,2026,WR,4,Jaylin Noel,00-0040138,0,offense,11,67.7
HOU,2026,WR,5,Jared Wayne,00-0038728,0,offense,1,4.0
HOU,2026,WR,6,Tank Dell,00-0038977,0,offense,0,0.0
HOU,2026,WR,7,Jayden Higgins,00-0040130,0,offense,16,129.5
IND,2026,DB,1,Sauce Gardner,00-0037190,0,defense,0,0.0
IND,2026,DB,2,A.J. Haulcy,00-0041043,0,defense,0,0.0
IND,2026,DB,3,Cam Bynum,00-0036629,0,defense,0,0.0
IND,2026,DB,4,Charvarius Ward,00-0034573,0,defense,0,0.0
IND,2026,DB,5,Justin Walley,00-0040139,0,defense,0,0.0
IND,2026,DB,6,Cameron Mitchell,00-0038585,0,defense,0,0.0
IND,2026,DB,7,Hunter Wohler,00-0040235,0,defense,0,0.0
IND,2026,DB,8,Jonathan Owens,00-0034485,0,defense,0,0.0
IND,2026,DB,9,Cam Taylor-Britt,00-0037753,0,defense,0,0.0
IND,2026,DB,10,Kapena Gushiken,00-0040928,0,defense,0,0.0
IND,2026,DL,1,Arden Key,00-0034825,0,defense,0,0.0
IND,2026,DL,2,Grover Stewart,00-0033952,0,defense,0,0.0
IND,2026,DL,3,DeForest Buckner,00-0032378,0,defense,0,0.0
IND,2026,DL,4,Laiatu Latu,00-0039340,0,defense,0,0.0
IND,2026,DL,5,Jaylahn Tuimoloau,00-0040744,0,defense,0,0.0
IND,2026,DL,6,Jerry Tillery,00-0035674,0,defense,0,0.0
IND,2026,DL,7,Adetomiwa Adebawore,00-0039031,0,defense,0,0.0
IND,2026,DL,8,Caden Curry,00-0041111,0,defense,0,0.0
IND,2026,DL,9,George Gumbs Jr.,00-0041080,0,defense,0,0.0
IND,2026,DL,10,Tim Smith,00-0040207,0,defense,0,0.0
IND,2026,DL,11,Micheal Clemons,00-0038107,0,defense,0,0.0
IND,2026,LB,1,Jaylon Carlies,00-0039377,0,defense,0,0.0
IND,2026,LB,2,Akeem Davis-Gaither,00-0036298,0,defense,0,0.0
IND,2026,LB,3,Bryce Boettcher,00-0041518,0,defense,0,0.0
IND,2026,LB,4,Tahj Chambers,00-0041227,0,defense,0,0.0
IND,2026,LB,5,Austin Ajiake,00-0039178,0,defense,0,0.0
IND,2026,LB,6,CJ Allen,00-0041039,0,defense,0,0.0
IND,2026,QB,1,Daniel Jones,00-0035710,0,offense,13,230.1
IND,2026,QB,2,Anthony Richardson Sr.,00-0039164,0,offense,1,2.3
IND,2026,QB,3,Riley Leonard,00-0040206,0,offense,3,35.3
IND,2026,RB,1,Jonathan Taylor,00-0036223,0,offense,17,360.3
IND,2026,RB,2,Seth McGowan,00-0041125,0,offense,0,0.0
IND,2026,RB,3,DJ Giddens,00-0040179,0,offense,4,9.6
IND,2026,TE,1,Tyler Warren,00-0040128,0,offense,17,188.5
IND,2026,TE,2,Mo Alie-Cox,00-0033217,0,offense,8,30.7
IND,2026,TE,3,Drew Ogletree,00-0037292,0,offense,3,12.7
IND,2026,TE,4,Will Mallory,00-0038394,0,offense,1,2.6
IND,2026,TE,5,Carson Towt,00-0040853,0,offense,0,0.0
IND,2026,WR,1,Alec Pierce,00-0037664,0,offense,14,183.3
IND,2026,WR,2,Josh Downs,00-0038997,0,offense,16,135.7
IND,2026,WR,3,Keenan Allen,00-0030279,0,offense,17,182.7
IND,2026,WR,4,Darius Slayton,00-0035535,0,offense,13,94.8
IND,2026,WR,5,Laquon Treadwell,00-0032951,0,offense,0,0.0
IND,2026,WR,6,Ashton Dulin,00-0035021,0,offense,5,19.8
IND,2026,WR,7,Deion Burks,00-0041132,0,offense,0,0.0
IND,2026,WR,8,D.J. Montgomery,00-0035045,0,offense,0,0.0
JAX,2026,DB,1,Travis Hunter,00-0040718,0,defense,7,63.8
JAX,2026,DB,2,Eric Murray,00-0033038,0,defense,0,0.0
JAX,2026,DB,3,Antonio Johnson,00-0038596,0,defense,0,0.0
JAX,2026,DB,4,Montaric Brown,00-0037313,0,defense,0,0.0
JAX,2026,DB,5,Jourdan Lewis,00-0033928,0,defense,0,0.0
JAX,2026,DB,6,Christian Braswell,00-0038616,0,defense,0,0.0
JAX,2026,DB,7,Rayuan Lane III,00-0040213,0,defense,0,0.0
JAX,2026,DB,8,Caleb Ransaw,00-0040145,0,defense,0,0.0
JAX,2026,DB,9,Jarrian Jones,00-0039353,0,defense,0,0.0
JAX,2026,DB,10,Jalen Huskey,00-0041055,0,defense,0,0.0
JAX,2026,DL,1,Travon Walker,00-0037235,0,defense,0,0.0
JAX,2026,DL,2,Arik Armstead,00-0032164,0,defense,0,0.0
JAX,2026,DL,3,DaVon Hamilton,00-0036262,0,defense,0,0.0
JAX,2026,DL,4,Josh Hines-Allen,00-0035642,0,defense,0,0.0
JAX,2026,DL,5,Danny Striggow,00-0040342,0,defense,0,0.0
JAX,2026,DL,6,Matt Dickerson,00-0034657,0,defense,0,0.0
JAX,2026,DL,7,Albert Regis,00-0041045,0,defense,0,0.0
JAX,2026,DL,8,Bryan Thomas Jr.,00-0041218,0,defense,0,0.0
JAX,2026,DL,9,Wesley Williams,00-0041059,0,defense,0,0.0
JAX,2026,DL,10,Ruke Orhorhoro,00-0039733,0,defense,0,0.0
JAX,2026,DL,11,Zach Durfee,00-0041122,0,defense,0,0.0
JAX,2026,DL,12,B.J. Green II,00-0040329,0,defense,0,0.0
JAX,2026,LB,1,Foyesade Oluokun,00-0034413,0,defense,0,0.0
JAX,2026,LB,2,Ventrell Miller,00-0038570,0,defense,0,0.0
JAX,2026,LB,3,Dennis Gardeck,00-0034473,0,defense,0,0.0
JAX,2026,LB,4,Jahlani Tavai,00-0035240,0,defense,0,0.0
JAX,2026,LB,5,Branson Combs,00-0040326,0,defense,0,0.0
JAX,2026,LB,6,Jack Kiser,00-0040723,0,defense,0,0.0
JAX,2026,LB,7,Parker Hughes,00-0041127,0,defense,0,0.0
JAX,2026,LB,8,Jared Bartlett,00-0040395,0,defense,0,0.0
JAX,2026,QB,1,Trevor Lawrence,00-0036971,0,offense,17,340.2
JAX,2026,QB,2,Quinn Ewers,00-0040234,0,offense,4,33.2
JAX,2026,RB,1,Bhayshul Tuten,00-0040719,0,offense,15,88.6
JAX,2026,RB,2,Chris Rodriguez Jr.,00-0038611,0,offense,12,92.0
JAX,2026,RB,3,LeQuint Allen Jr.,00-0040238,0,offense,14,24.8
JAX,2026,RB,4,Ameer Abdullah,00-0032104,0,offense,11,37.9
JAX,2026,TE,1,Brenton Strange,00-0038935,0,offense,12,118.0
JAX,2026,TE,2,Nate Boerkircher,00-0041503,0,offense,0,0.0
JAX,2026,TE,3,Quintin Morris,00-0036590,0,offense,5,17.5
JAX,2026,TE,4,Tanner Koziol,00-0041084,0,offense,0,0.0
JAX,2026,WR,1,Parker Washington,00-0038606,0,offense,14,172.8
JAX,2026,WR,2,Brian Thomas Jr.,00-0039893,0,offense,14,138.8
JAX,2026,WR,3,Jakobi Meyers,00-0034960,0,offense,16,175.8
JAX,2026,WR,4,Josh Cameron,00-0041100,0,offense,0,0.0
JAX,2026,WR,5,Travis Hunter,00-0040718,0,offense,7,63.8
JAX,2026,WR,6,CJ Williams,00-0041106,0,offense,0,0.0
KC,2026,DB,1,Nohl Williams,00-0040670,0,defense,0,0.0
KC,2026,DB,2,Chamarri Conner,00-0038982,0,defense,0,0.0
KC,2026,DB,3,Alohi Gilman,00-0036380,0,defense,0,0.0
KC,2026,DB,4,Mansoor Delane,00-0041543,0,defense,0,0.0
KC,2026,DB,5,L'Jarius Sneed,00-0036374,0,defense,0,0.0
KC,2026,DB,6,Chris Roland-Wallace,00-0039324,0,defense,0,0.0
KC,2026,DB,7,Jaden Hicks,00-0039825,0,defense,0,0.0
KC,2026,DB,8,Xavier Nwankpa,00-0040957,0,defense,0,0.0
KC,2026,DB,9,Kristian Fulton,00-0036416,0,defense,0,0.0
KC,2026,DB,10,Jadon Canady,00-0041497,0,defense,0,0.0
KC,2026,DL,1,George Karlaftis,00-0037192,0,defense,0,0.0
KC,2026,DL,2,Chris Jones,00-0032762,0,defense,0,0.0
KC,2026,DL,3,Khyiris Tonga,00-0036909,0,defense,0,0.0
KC,2026,DL,4,Felix Anudike-Uzomah,00-0039006,0,defense,0,0.0
KC,2026,DL,5,Ashton Gillotte,00-0040640,0,defense,0,0.0
KC,2026,DL,6,Peter Woods,00-0041545,0,defense,0,0.0
KC,2026,DL,7,Bryson Eason,00-0041358,0,defense,0,0.0
KC,2026,DL,8,R Mason Thomas,00-0041501,0,defense,0,0.0
KC,2026,DL,9,Jack Pyburn,00-0041256,0,defense,0,0.0
KC,2026,DL,10,Omarr Norman-Lott,00-0040748,0,defense,0,0.0
KC,2026,DL,11,Cooper McDonald,00-0040118,0,defense,0,0.0
KC,2026,DL,12,Ethan Downs,00-0040328,0,defense,0,0.0
KC,2026,LB,1,Drue Tranquill,00-0035262,0,defense,0,0.0
KC,2026,LB,2,Nick Bolton,00-0036621,0,defense,0,0.0
KC,2026,LB,3,Jeffrey Bassa,00-0040072,0,defense,0,0.0
KC,2026,LB,4,Jack Cochrane,00-0037208,0,defense,0,0.0
KC,2026,QB,1,Patrick Mahomes,00-0033873,0,offense,14,281.7
KC,2026,QB,2,Justin Fields,00-0036945,0,offense,9,134.7
KC,2026,QB,3,Garrett Nussmeier,00-0040906,0,offense,0,0.0
KC,2026,RB,1,Kenneth Walker III,00-0038134,0,offense,17,191.9
KC,2026,RB,2,Emmett Johnson,00-0041013,0,offense,0,0.0
KC,2026,RB,3,Brashard Smith,00-0040078,0,offense,15,63.3
KC,2026,TE,1,Travis Kelce,00-0030506,0,offense,17,191.2
KC,2026,TE,2,Noah Gray,00-0036637,0,offense,12,38.8
KC,2026,TE,3,Jake Briningstool,00-0040081,0,offense,0,0.0
KC,2026,TE,4,Jared Wiley,00-0039824,0,offense,1,1.4
KC,2026,TE,5,John Michael Gyllenborg,00-0040955,0,offense,0,0.0
KC,2026,WR,1,Rashee Rice,00-0039067,0,offense,8,148.1
KC,2026,WR,2,Xavier Worthy,00-0039894,0,offense,13,109.9
KC,2026,WR,3,Tyquan Thornton,00-0038104,0,offense,9,80.8
KC,2026,WR,4,Cyrus Allen,00-0040890,0,offense,0,0.0
KC,2026,WR,5,Jalen Royals,00-0040646,0,offense,1,2.4
KC,2026,WR,6,Nikko Remigio,00-0038519,0,offense,2,4.2
KC,2026,WR,7,Jeff Caldwell,00-0040953,0,offense,0,0.0
KC,2026,WR,8,Jimmy Holiday,00-0040120,0,offense,0,0.0
LAC,2026,DB,1,Cam Hart,00-0039369,0,defense,0,0.0
LAC,2026,DB,2,Derwin James Jr.,00-0034790,0,defense,0,0.0
LAC,2026,DB,3,Elijah Molden,00-0036992,0,defense,0,0.0
LAC,2026,DB,4,Donte Jackson,00-0034356,0,defense,0,0.0
LAC,2026,DB,5,Tarheeb Still,00-0039366,0,defense,0,0.0
LAC,2026,DB,6,Rodney Shelley,00-0041381,0,defense,0,0.0
LAC,2026,DB,7,Tony Jefferson,00-0030294,0,defense,0,0.0
LAC,2026,DB,8,Genesis Smith,00-0041064,0,defense,0,0.0
LAC,2026,DB,9,Deane Leonard,00-0037320,0,defense,0,0.0
LAC,2026,DB,10,Kendall Williamson,00-0038414,0,defense,0,0.0
LAC,2026,DB,11,RJ Mickens,00-0040221,0,defense,0,0.0
LAC,2026,DL,1,Teair Tart,00-0036181,0,defense,0,0.0
LAC,2026,DL,2,Dalvin Tomlinson,00-0033546,0,defense,0,0.0
LAC,2026,DL,3,Jamaree Caldwell,00-0040144,0,defense,0,0.0
LAC,2026,DL,4,Nick Barrett,00-0041072,0,defense,0,0.0
LAC,2026,DL,5,Justin Eboigbe,00-0039835,0,defense,0,0.0
LAC,2026,LB,1,Tuli Tuipulotu,00-0039111,0,defense,0,0.0
LAC,2026,LB,2,Daiyan Henley,00-0038553,0,defense,0,0.0
LAC,2026,LB,3,Del'Shawn Phillips,00-0035202,0,defense,0,0.0
LAC,2026,LB,4,Khalil Mack,00-0031040,0,defense,0,0.0
LAC,2026,LB,5,Bud Dupree,00-0032146,0,defense,0,0.0
LAC,2026,LB,6,Marlowe Wax,00-0040460,0,defense,0,0.0
LAC,2026,LB,7,Troy Dye,00-0036338,0,defense,0,0.0
LAC,2026,LB,8,Akheem Mesidor,00-0041544,0,defense,0,0.0
LAC,2026,LB,9,Denzel Perryman,00-0032103,0,defense,0,0.0
LAC,2026,QB,1,Justin Herbert,00-0036355,0,offense,16,286.9
LAC,2026,QB,2,Trey Lance,00-0037012,0,offense,4,15.5
LAC,2026,RB,1,Omarion Hampton,00-0040666,0,offense,9,135.7
LAC,2026,RB,2,Keaton Mitchell,00-0038454,0,offense,12,55.4
LAC,2026,RB,3,Kimani Vidal,00-0039391,0,offense,12,117.9
LAC,2026,TE,1,Oronde Gadsden,00-0040189,0,offense,15,131.4
LAC,2026,TE,2,Hayden Rucci,00-0039489,0,offense,0,0.0
LAC,2026,TE,3,Charlie Kolar,00-0038046,0,offense,8,36.2
LAC,2026,TE,4,David Njoku,00-0033885,0,offense,11,86.3
LAC,2026,WR,1,Ladd McConkey,00-0039915,0,offense,16,180.9
LAC,2026,WR,2,Quentin Johnston,00-0038544,0,offense,12,171.2
LAC,2026,WR,3,Tre' Harris,00-0040727,0,offense,14,69.4
LAC,2026,WR,4,Brenen Thompson,00-0041550,0,offense,0,0.0
LAC,2026,WR,5,Derius Davis,00-0038573,0,offense,4,3.5
LAC,2026,WR,6,KeAndre Lambert-Smith,00-0040184,0,offense,4,16.1
LAR,2026,DB,1,Jaylen Watson,00-0037195,0,defense,0,0.0
LAR,2026,DB,2,Kam Curl,00-0036349,0,defense,0,0.0
LAR,2026,DB,3,Kamren Kinchens,00-0039834,0,defense,0,0.0
LAR,2026,DB,4,Trent McDuffie,00-0037191,0,defense,0,0.0
LAR,2026,DB,5,Quentin Lake,00-0037841,0,defense,0,0.0
LAR,2026,DB,6,Jaylen McCollough,00-0039776,0,defense,0,0.0
LAR,2026,DB,7,Tanner Ingle,00-0038366,0,defense,0,0.0
LAR,2026,DB,8,Emmanuel Forbes Jr.,00-0039151,0,defense,0,0.0
LAR,2026,DB,9,Josh Wallace,00-0039772,0,defense,0,0.0
LAR,2026,DL,1,Kobie Turner,00-0039138,0,defense,0,0.0
LAR,2026,DL,2,Poona Ford,00-0034234,0,defense,0,0.0
LAR,2026,DL,3,Aaron Donald,00-0031388,0,defense,0,0.0
LAR,2026,DL,4,Tyler Davis,00-0039749,0,defense,0,0.0
LAR,2026,DL,5,Ty Hamilton,00-0040585,0,defense,0,0.0
LAR,2026,DL,6,Braden Fiske,00-0039734,0,defense,0,0.0
LAR,2026,LB,1,Byron Young,00-0039137,0,defense,0,0.0
LAR,2026,LB,2,Nate Landman,00-0037587,0,defense,0,0.0
LAR,2026,LB,3,Omar Speights,00-0039774,0,defense,0,0.0
LAR,2026,LB,4,Desjuan Johnson,00-0039061,0,defense,0,0.0
LAR,2026,LB,5,Josaiah Stewart,00-0040580,0,defense,0,0.0
LAR,2026,LB,6,Grant Stuard,00-0036672,0,defense,0,0.0
LAR,2026,LB,7,Shaun Dolac,00-0040613,0,defense,0,0.0
LAR,2026,LB,8,Wesley Bailey,00-0041404,0,defense,0,0.0
LAR,2026,LB,9,Eddie Walls III,00-0041429,0,defense,0,0.0
LAR,2026,LB,10,Myles Garrett,00-0033868,0,defense,0,0.0
LAR,2026,LB,11,Keir Thomas II,00-0037057,0,defense,0,0.0
LAR,2026,QB,1,Matthew Stafford,00-0026498,0,offense,17,354.4
LAR,2026,QB,2,Stetson Bennett IV,00-0039107,0,offense,0,0.0
LAR,2026,QB,3,Ty Simpson,00-0041568,0,offense,0,0.0
LAR,2026,QB,4,Matthew Caldwell,00-0041414,0,offense,0,0.0
LAR,2026,RB,1,Kyren Williams,00-0037840,0,offense,17,263.3
LAR,2026,RB,2,Blake Corum,00-0039738,0,offense,17,122.2
LAR,2026,RB,3,Ronnie Rivers,00-0037557,0,offense,2,4.6
LAR,2026,TE,1,Colby Parkinson,00-0036244,0,offense,12,130.4
LAR,2026,TE,2,Terrance Ferguson,00-0040737,0,offense,7,52.1
LAR,2026,TE,3,Davis Allen,00-0039074,0,offense,13,61.8
LAR,2026,TE,4,Tyler Higbee,00-0033110,0,offense,8,71.1
LAR,2026,TE,5,Max Klare,00-0041510,0,offense,0,0.0
LAR,2026,WR,1,Puka Nacua,00-0039075,0,offense,16,375.0
LAR,2026,WR,2,Davante Adams,00-0031381,0,offense,14,222.9
LAR,2026,WR,3,Jordan Whittington,00-0039751,0,offense,11,36.3
LAR,2026,WR,4,Konata Mumpfield,00-0040590,0,offense,6,25.2
LAR,2026,WR,5,Xavier Smith,00-0038359,0,offense,10,48.3
LAR,2026,WR,6,Tutu Atwell,00-0036849,0,offense,5,31.2
LAR,2026,WR,7,CJ Daniels,00-0041399,0,offense,0,0.0
LV,2026,DB,1,Eric Stokes,00-0036901,0,defense,0,0.0
LV,2026,DB,2,Jeremy Chinn,00-0036293,0,defense,0,0.0
LV,2026,DB,3,Treydan Stukes,00-0040868,0,defense,0,0.0
LV,2026,DB,4,Darien Porter,00-0040641,0,defense,0,0.0
LV,2026,DB,5,Taron Johnson,00-0034376,0,defense,0,0.0
LV,2026,DB,6,Jermod McCoy,00-0041563,0,defense,0,0.0
LV,2026,DB,7,Dalton Johnson,00-0040883,0,defense,0,0.0
LV,2026,DB,8,Isaiah Pola-Mao,00-0037512,0,defense,1,0.3
LV,2026,DB,9,Hezekiah Masses,00-0040889,0,defense,0,0.0
LV,2026,DB,10,Darrell Luter Jr.,00-0038594,0,defense,0,0.0
LV,2026,DB,11,Tristin McCollum,00-0037461,0,defense,0,0.0
LV,2026,DB,12,Chigozie Anusiem,00-0039676,0,defense,0,0.0
LV,2026,DL,1,Jonah Laulu,00-0039423,0,defense,0,0.0
LV,2026,DL,2,Adam Butler,00-0033381,0,defense,0,0.0
LV,2026,DL,3,Tonka Hemingway,00-0040169,0,defense,0,0.0
LV,2026,DL,4,Thomas Booker IV,00-0037262,0,defense,0,0.0
LV,2026,DL,5,JJ Pegues,00-0040199,0,defense,0,0.0
LV,2026,DL,6,Folorunso Fatukasi,00-0034275,0,defense,0,0.0
LV,2026,LB,1,Maxx Crosby,00-0034973,0,defense,0,0.0
LV,2026,LB,2,Nakobe Dean,00-0037615,0,defense,0,0.0
LV,2026,LB,3,Quay Walker,00-0037074,0,defense,0,0.0
LV,2026,LB,4,Kwity Paye,00-0036479,0,defense,0,0.0
LV,2026,LB,5,Malcolm Koonce,00-0036989,0,defense,0,0.0
LV,2026,LB,6,Tommy Eichenberg,00-0039374,0,defense,0,0.0
LV,2026,LB,7,Cody Lindenberg,00-0040228,0,defense,0,0.0
LV,2026,LB,8,Patrick Johnson,00-0036922,0,defense,0,0.0
LV,2026,LB,9,Brennan Jackson,00-0039836,0,defense,0,0.0
LV,2026,LB,10,Segun Olubi,00-0037527,0,defense,0,0.0
LV,2026,LB,11,Keyron Crawford,00-0041553,0,defense,0,0.0
LV,2026,LB,12,Brennan Jackson,00-0039836,0,defense,0,0.0
LV,2026,QB,1,Kirk Cousins,00-0029604,0,offense,10,103.5
LV,2026,QB,2,Fernando Mendoza,00-0041562,0,offense,0,0.0
LV,2026,QB,3,Aidan O'Connell,00-0038579,0,offense,1,4.8
LV,2026,RB,1,Ashton Jeanty,00-0040122,0,offense,17,245.1
LV,2026,RB,2,Mike Washington Jr.,00-0040878,0,offense,0,0.0
LV,2026,RB,3,Dylan Laube,00-0039407,0,offense,4,5.7
LV,2026,RB,4,Chris Collier,00-0039244,0,offense,0,0.0
LV,2026,TE,1,Brock Bowers,00-0039338,0,offense,12,174.2
LV,2026,TE,2,Michael Mayer,00-0039066,0,offense,11,73.8
LV,2026,TE,3,Ian Thomas,00-0034365,0,offense,7,24.4
LV,2026,TE,4,Carter Runyon,00-0040488,0,offense,1,1.3
LV,2026,WR,1,Tre Tucker,00-0038563,0,offense,16,161.7
LV,2026,WR,2,Jalen Nailor,00-0037291,0,offense,12,98.7
LV,2026,WR,3,Jack Bech,00-0040729,0,offense,9,42.4
LV,2026,WR,4,Malik Benson,00-0040894,0,offense,0,0.0
LV,2026,WR,5,Dareke Young,00-0037093,0,offense,2,6.8
LV,2026,WR,6,Dont'e Thornton Jr.,00-0040581,0,offense,7,23.5
LV,2026,WR,7,Justin Shorter,00-0038590,0,offense,0,0.0
LV,2026,WR,8,Corey Rucker,00-0041005,0,offense,0,0.0
MIA,2026,DB,1,Jason Marshall Jr.,00-0040178,0,defense,0,0.0
MIA,2026,DB,2,Michael Taaffe,00-0041528,0,defense,0,0.0
MIA,2026,DB,3,Zayne Anderson,00-0036677,0,defense,0,0.0
MIA,2026,DB,4,JuJu Brents,00-0039156,0,defense,0,0.0
MIA,2026,DB,5,Chris Johnson,00-0041533,0,defense,0,0.0
MIA,2026,DB,6,Jaylin Simpson,00-0039383,0,defense,0,0.0
MIA,2026,DB,7,Dante Trader Jr.,00-0040182,0,defense,0,0.0
MIA,2026,DB,8,Julius Wood,00-0039532,0,defense,0,0.0
MIA,2026,DB,9,Marcellas Dial Jr.,00-0039390,0,defense,0,0.0
MIA,2026,DB,10,Reese Taylor,00-0038521,0,defense,0,0.0
MIA,2026,DB,11,Darrell Baker Jr.,00-0037549,0,defense,0,0.0
MIA,2026,DB,12,Kyle Louis,00-0041527,0,defense,0,0.0
MIA,2026,DB,13,Storm Duck,00-0039481,0,defense,0,0.0
MIA,2026,DL,1,Chop Robinson,00-0039911,0,defense,0,0.0
MIA,2026,DL,2,Jordan Phillips,00-0031557,0,defense,0,0.0
MIA,2026,DL,3,Zach Sieler,00-0034285,0,defense,0,0.0
MIA,2026,DL,4,Josh Uche,00-0036159,0,defense,0,0.0
MIA,2026,DL,5,Malik Herring,00-0036682,0,defense,0,0.0
MIA,2026,DL,6,Keith Cooper Jr.,00-0040655,0,defense,0,0.0
MIA,2026,DL,7,Zeek Biggers,00-0040248,0,defense,0,0.0
MIA,2026,DL,8,Robert Beal Jr.,00-0038603,0,defense,0,0.0
MIA,2026,DL,9,Kenneth Grant,00-0040127,0,defense,0,0.0
MIA,2026,DL,10,Rene Konga,00-0041136,0,defense,0,0.0
MIA,2026,DL,11,Andre Jones Jr.,00-0038635,0,defense,0,0.0
MIA,2026,LB,1,Jordyn Brooks,00-0036409,0,defense,0,0.0
MIA,2026,LB,2,Jacob Rodriguez,00-0041522,0,defense,0,0.0
MIA,2026,LB,3,Willie Gay Jr.,00-0036362,0,defense,0,0.0
MIA,2026,LB,4,Ronnie Harrison Jr.,00-0034779,0,defense,0,0.0
MIA,2026,LB,5,Jackson Woodard,00-0040066,0,defense,0,0.0
MIA,2026,LB,6,Trey Moore,00-0041526,0,defense,0,0.0
MIA,2026,QB,1,Malik Willis,00-0038128,0,offense,4,51.2
MIA,2026,QB,2,Kyle McCord,00-0040014,0,offense,0,0.0
MIA,2026,QB,3,Brady Cook,00-0040398,0,offense,5,28.5
MIA,2026,RB,1,De'Von Achane,00-0039040,0,offense,16,322.1
MIA,2026,RB,2,Jaylen Wright,00-0039874,0,offense,9,48.2
MIA,2026,RB,3,Ollie Gordon II,00-0040198,0,offense,12,54.7
MIA,2026,TE,1,Greg Dulcich,00-0037252,0,offense,9,62.8
MIA,2026,TE,2,Will Kacmarek,00-0041524,0,offense,0,0.0
MIA,2026,TE,3,Seydou Traore,00-0041579,0,offense,0,0.0
MIA,2026,TE,4,Justin Joly,00-0041077,0,offense,0,0.0
MIA,2026,TE,5,Cole Turner,00-0037078,0,offense,0,0.0
MIA,2026,WR,1,Malik Washington,00-0039880,0,offense,16,106.7
MIA,2026,WR,2,Caleb Douglas,00-0041523,0,offense,0,0.0
MIA,2026,WR,3,Chris Bell,00-0041525,0,offense,0,0.0
MIA,2026,WR,4,Kevin Coleman Jr.,00-0041529,0,offense,0,0.0
MIA,2026,WR,5,Jalen Tolbert,00-0037666,0,offense,7,43.3
MIA,2026,WR,6,Ryan Miller,00-0038824,0,offense,2,11.4
MIN,2026,DB,1,Charles Demmings,00-0041083,0,defense,0,0.0
MIN,2026,DB,2,Joshua Metellus,00-0036348,0,defense,0,0.0
MIN,2026,DB,3,Harrison Smith,00-0029606,0,defense,0,0.0
MIN,2026,DB,4,James Pierre,00-0035795,0,defense,0,0.0
MIN,2026,DB,5,Byron Murphy Jr.,00-0035236,0,defense,0,0.0
MIN,2026,DB,6,Jay Ward,00-0038578,0,defense,0,0.0
MIN,2026,DB,7,Theo Jackson,00-0037301,0,defense,0,0.0
MIN,2026,DB,8,Zemaiah Vaughn,00-0040507,0,defense,0,0.0
MIN,2026,DB,9,Tyreek Chappell,00-0041344,0,defense,0,0.0
MIN,2026,DB,10,Jakobe Thomas,00-0041054,0,defense,0,0.0
MIN,2026,DB,11,Jacob Thomas,00-0041354,0,defense,0,0.0
MIN,2026,DL,1,Levi Drake Rodriguez,00-0039421,0,defense,0,0.0
MIN,2026,DL,2,Caleb Banks,00-0041033,0,defense,0,0.0
MIN,2026,DL,3,Jalen Redmond,00-0038778,0,defense,0,0.0
MIN,2026,DL,4,Elijah Williams,00-0040624,0,defense,0,0.0
MIN,2026,DL,5,Domonique Orange,00-0041046,0,defense,0,0.0
MIN,2026,DL,6,Tyrion Ingram-Dawkins,00-0040173,0,defense,0,0.0
MIN,2026,LB,1,Andrew Van Ginkel,00-0035272,0,defense,0,0.0
MIN,2026,LB,2,Eric Wilson,00-0033336,0,defense,0,0.0
MIN,2026,LB,3,Blake Cashman,00-0035276,0,defense,0,0.0
MIN,2026,LB,4,Dallas Turner,00-0039924,0,defense,0,0.0
MIN,2026,LB,5,Bo Richter,00-0039718,0,defense,0,0.0
MIN,2026,LB,6,Jake Golday,00-0041495,0,defense,0,0.0
MIN,2026,LB,7,Ivan Pace Jr.,00-0038807,0,defense,0,0.0
MIN,2026,LB,8,Chaz Chambliss,00-0040496,0,defense,0,0.0
MIN,2026,LB,9,Jamal Adams,00-0033872,0,defense,0,0.0
MIN,2026,LB,10,Tyler Batty,00-0040492,0,defense,0,0.0
MIN,2026,QB,1,Kyler Murray,00-0035228,0,offense,5,77.8
MIN,2026,QB,2,Carson Wentz,00-0032950,0,offense,5,68.3
MIN,2026,QB,3,J.J. McCarthy,00-0039923,0,offense,10,127.4
MIN,2026,RB,1,Aaron Jones Sr.,00-0033293,0,offense,12,118.7
MIN,2026,RB,2,DeeJay Dallas,00-0036425,0,offense,1,2.1
MIN,2026,RB,3,Demond Claiborne,00-0041104,0,offense,0,0.0
MIN,2026,RB,4,Jordan Mason,00-0037525,0,offense,16,128.9
MIN,2026,TE,1,T.J. Hockenson,00-0035229,0,offense,15,112.8
MIN,2026,TE,2,Josh Oliver,00-0035249,0,offense,10,54.3
MIN,2026,TE,3,Gavin Bartholomew,00-0040215,0,offense,0,0.0
MIN,2026,TE,4,Ben Yurosek,00-0040509,0,offense,2,3.4
MIN,2026,WR,1,Justin Jefferson,00-0036322,0,offense,17,201.5
MIN,2026,WR,2,Jordan Addison,00-0038994,0,offense,13,133.1
MIN,2026,WR,3,Jauan Jennings,00-0036259,0,offense,15,171.3
MIN,2026,WR,4,Tai Felton,00-0040154,0,offense,3,5.5
MIN,2026,WR,5,Myles Price,00-0040506,0,offense,0,0.0
MIN,2026,WR,6,Jeshaun Jones,00-0039710,0,offense,0,0.0
NE,2026,DB,1,Carlton Davis III,00-0034778,0,defense,0,0.0
NE,2026,DB,2,Craig Woodson,00-0040716,0,defense,0,0.0
NE,2026,DB,3,Kevin Byard,00-0033132,0,defense,0,0.0
NE,2026,DB,4,Christian Gonzalez,00-0039147,0,defense,0,0.0
NE,2026,DB,5,Marcus Jones,00-0037253,0,defense,0,0.0
NE,2026,DB,6,Charles Woods,00-0039770,0,defense,0,0.0
NE,2026,DB,7,Dell Pettus,00-0039692,0,defense,0,0.0
NE,2026,DB,8,Jaylen Reed,00-0040204,0,defense,0,0.0
NE,2026,DB,9,Karon Prunty,00-0041088,0,defense,0,0.0
NE,2026,DB,10,Channing Canada,00-0041316,0,defense,0,0.0
NE,2026,DB,11,Brenden Schooler,00-0037205,0,defense,0,0.0
NE,2026,DL,1,Christian Barmore,00-0036981,0,defense,0,0.0
NE,2026,DL,2,Cory Durden,00-0038653,0,defense,0,0.0
NE,2026,DL,3,Milton Williams,00-0036916,0,defense,0,0.0
NE,2026,DL,4,Leonard Taylor III,00-0039289,0,defense,0,0.0
NE,2026,DL,5,DaQuan Jones,00-0031054,0,defense,0,0.0
NE,2026,DL,6,Joshua Farmer,00-0040171,0,defense,0,0.0
NE,2026,LB,1,Elijah Ponder,00-0040574,0,defense,0,0.0
NE,2026,LB,2,Christian Elliss,00-0036813,0,defense,0,0.0
NE,2026,LB,3,Robert Spillane,00-0034720,0,defense,0,0.0
NE,2026,LB,4,Dre'Mont Jones,00-0035678,0,defense,0,0.0
NE,2026,LB,5,Quintayvious Hutchins,00-0041402,0,defense,0,0.0
NE,2026,LB,6,Darius Muasau,00-0039829,0,defense,0,0.0
NE,2026,LB,7,Erick Hunter,00-0041455,0,defense,0,0.0
NE,2026,LB,8,Gabe Jacas,00-0041569,0,defense,0,0.0
NE,2026,LB,9,Harold Landry III,00-0034828,0,defense,0,0.0
NE,2026,LB,10,Namdi Obiazor,00-0041109,0,defense,0,0.0
NE,2026,LB,11,Khalil Jacobs,00-0041321,0,defense,0,0.0
NE,2026,QB,1,Drake Maye,00-0039851,0,offense,17,354.0
NE,2026,QB,2,Tommy DeVito,00-0038476,0,offense,0,0.0
NE,2026,QB,3,Behren Morton,00-0041123,0,offense,0,0.0
NE,2026,RB,1,Rhamondre Stevenson,00-0036875,0,offense,14,174.8
NE,2026,RB,2,TreVeyon Henderson,00-0040734,0,offense,17,206.2
NE,2026,RB,3,Corey Kiner,00-0040556,0,offense,4,9.3
NE,2026,RB,4,Myles Montgomery,00-0041323,0,offense,0,0.0
NE,2026,TE,1,Hunter Henry,00-0033090,0,offense,17,178.8
NE,2026,TE,2,Eli Raridon,00-0041395,0,offense,0,0.0
NE,2026,TE,3,Cameron Latu,00-0038564,0,offense,0,0.0
NE,2026,TE,4,Tanner Arkin,00-0041314,0,offense,0,0.0
NE,2026,TE,5,Julian Hill,00-0038720,0,offense,9,29.0
NE,2026,WR,1,Romeo Doubs,00-0037816,0,offense,15,163.4
NE,2026,WR,2,DeMario Douglas,00-0038621,0,offense,16,95.8
NE,2026,WR,3,Mack Hollins,00-0033555,0,offense,14,113.4
NE,2026,WR,4,Kyle Williams,00-0040131,0,offense,8,49.4
NE,2026,WR,5,Efton Chism III,00-0040563,0,offense,2,16.5
NE,2026,WR,6,A.J. Brown,00-0035676,0,offense,15,218.3
NE,2026,WR,7,Jeremiah Webb,00-0040570,0,offense,0,0.0
NO,2026,DB,1,Kool-Aid McKinstry,00-0039860,0,defense,0,0.0
NO,2026,DB,2,Justin Reid,00-0034361,0,defense,0,0.0
NO,2026,DB,3,Julian Blackmon,00-0036253,0,defense,0,0.0
NO,2026,DB,4,Quincy Riley,00-0040166,0,defense,0,0.0
NO,2026,DB,5,Jonas Sanker,00-0040643,0,defense,0,0.0
NO,2026,DB,6,Michael Reid,00-0040293,0,defense,0,0.0
NO,2026,DB,7,Jonas Sanker,00-0040643,0,defense,0,0.0
NO,2026,DB,8,Martin Emerson Jr.,00-0037250,0,defense,0,0.0
NO,2026,DB,9,Jordan Howden,00-0038588,0,defense,0,0.0
NO,2026,DB,10,Decamerion Richardson,00-0039357,0,defense,0,0.0
NO,2026,DB,11,Jayden Price,00-0039725,0,defense,0,0.0
NO,2026,DB,12,Lorenzo Styles Jr.,00-0041089,0,defense,0,0.0
NO,2026,DB,13,David Long Jr.,00-0035665,0,defense,0,0.0
NO,2026,DB,14,Rejzohn Wright,00-0038781,0,defense,0,0.0
NO,2026,DL,1,Cameron Jordan,00-0027962,0,defense,0,0.0
NO,2026,DL,2,Nathan Shepherd,00-0034760,0,defense,0,0.0
NO,2026,DL,3,Vernon Broughton,00-0040642,0,defense,0,0.0
NO,2026,DL,4,Colby Wooden,00-0038387,0,defense,0,0.0
NO,2026,DL,5,Davon Godchaux,00-0033860,0,defense,0,0.0
NO,2026,DL,6,Tyree Wilson,00-0038541,0,defense,0,0.0
NO,2026,DL,7,John Ridgeway III,00-0037283,0,defense,0,0.0
NO,2026,DL,8,Christen Miller,00-0041390,0,defense,0,0.0
NO,2026,DL,9,Bryan Bresee,00-0038995,0,defense,0,0.0
NO,2026,DL,10,Khristian Boyd,00-0039401,0,defense,0,0.0
NO,2026,LB,1,Carl Granderson,00-0035402,0,defense,0,0.0
NO,2026,LB,2,Kaden Elliss,00-0035316,0,defense,0,0.0
NO,2026,LB,3,Pete Werner,00-0036927,0,defense,0,0.0
NO,2026,LB,4,Chase Young,00-0036321,0,defense,0,0.0
NO,2026,LB,5,Anfernee Jennings,00-0036193,0,defense,0,0.0
NO,2026,LB,6,Isaiah Stalbird,00-0039622,0,defense,0,0.0
NO,2026,LB,7,Danny Stutsman,00-0040155,0,defense,0,0.0
NO,2026,LB,8,Myles Cole,00-0039425,0,defense,0,0.0
NO,2026,LB,9,Chris Rumph II,00-0036867,0,defense,0,0.0
NO,2026,LB,10,Jaylan Ford,00-0039388,0,defense,0,0.0
NO,2026,QB,1,Tyler Shough,00-0040743,0,offense,10,158.0
NO,2026,QB,2,Spencer Rattler,00-0039376,0,offense,8,101.1
NO,2026,QB,3,Zach Wilson,00-0037013,0,offense,1,1.6
NO,2026,RB,1,Travis Etienne Jr.,00-0036973,0,offense,17,253.9
NO,2026,RB,2,Alvin Kamara,00-0033906,0,offense,11,100.7
NO,2026,RB,3,Kendre Miller,00-0038551,0,offense,7,33.3
NO,2026,RB,4,CJ Donaldson,00-0041326,0,offense,0,0.0
NO,2026,RB,5,Ty Chandler,00-0037276,0,offense,2,8.8
NO,2026,TE,1,Juwan Johnson,00-0036040,0,offense,17,179.9
NO,2026,TE,2,Noah Fant,00-0035644,0,offense,12,74.8
NO,2026,TE,3,Oscar Delp,00-0041041,0,offense,0,0.0
NO,2026,TE,4,Treyton Welch,00-0039518,0,offense,0,0.0
NO,2026,TE,5,Moliki Matavao,00-0040244,0,offense,1,3.0
NO,2026,WR,1,Chris Olave,00-0037239,0,offense,16,268.0
NO,2026,WR,2,Devaughn Vele,00-0039424,0,offense,9,66.3
NO,2026,WR,3,Bryce Lance,00-0041067,0,offense,0,0.0
NO,2026,WR,4,Barion Brown,00-0041099,0,offense,0,0.0
NO,2026,WR,5,Jordyn Tyson,00-0041029,0,offense,0,0.0
NO,2026,WR,6,Mason Tipton,00-0039623,0,offense,4,20.4
NYG,2026,DB,1,Deonte Banks,00-0039000,0,defense,0,0.0
NYG,2026,DB,2,Tyler Nubin,00-0039861,0,defense,0,0.0
NYG,2026,DB,3,Jevon Holland,00-0036998,0,defense,0,0.0
NYG,2026,DB,4,Greg Newsome II,00-0036996,0,defense,0,0.0
NYG,2026,DB,5,Dru Phillips,00-0039821,0,defense,0,0.0
NYG,2026,DB,6,Korie Black,00-0040243,0,defense,0,0.0
NYG,2026,DB,7,Jason Pinnock,00-0036502,0,defense,0,0.0
NYG,2026,DB,8,Ar'Darius Washington,00-0036587,0,defense,0,0.0
NYG,2026,DB,9,Colton Hood,00-0041462,0,defense,0,0.0
NYG,2026,DB,10,Nic Jones,00-0038986,0,defense,0,0.0
NYG,2026,DB,11,Paulson Adebo,00-0036937,0,defense,0,0.0
NYG,2026,DB,12,Elijah Campbell,00-0034248,0,defense,0,0.0
NYG,2026,DB,13,Rico Payton,00-0039620,0,defense,0,0.0
NYG,2026,DB,14,Nikko Reed,00-0040471,0,defense,0,0.0
NYG,2026,DB,15,Thaddeus Dixon,00-0041142,0,defense,0,0.0
NYG,2026,DB,16,Jarrick Bernard-Converse,00-0038401,0,defense,0,0.0
NYG,2026,DL,1,Shelby Harris,00-0031270,0,defense,0,0.0
NYG,2026,DL,2,DJ Reader,00-0032424,0,defense,0,0.0
NYG,2026,DL,3,Chauncey Golston,00-0036982,0,defense,0,0.0
NYG,2026,DL,4,Bobby Jamison-Travis,00-0041095,0,defense,0,0.0
NYG,2026,DL,5,CJ Okoye,00-0039176,0,defense,0,0.0
NYG,2026,DL,6,Darius Alexander,00-0040694,0,defense,0,0.0
NYG,2026,DL,7,Roy Robertson-Harris,00-0032667,0,defense,0,0.0
NYG,2026,DL,8,Josh Tupou,00-0033347,0,defense,0,0.0
NYG,2026,LB,1,Brian Burns,00-0035713,0,defense,0,0.0
NYG,2026,LB,2,Arvell Reese,00-0041509,0,defense,0,0.0
NYG,2026,LB,3,Tremaine Edmunds,00-0034673,0,defense,0,0.0
NYG,2026,LB,4,Abdul Carter,00-0040677,0,defense,0,0.0
NYG,2026,LB,5,Jack Kelly,00-0041102,0,defense,0,0.0
NYG,2026,LB,6,Micah McFadden,00-0037259,0,defense,0,0.0
NYG,2026,LB,7,Kayvon Thibodeaux,00-0037611,0,defense,0,0.0
NYG,2026,LB,8,Zaire Barnes,00-0038399,0,defense,0,0.0
NYG,2026,QB,1,Jameis Winston,00-0031503,0,offense,2,45.3
NYG,2026,QB,2,Jaxson Dart,00-0040691,0,offense,13,241.9
NYG,2026,RB,1,Cam Skattebo,00-0040715,0,offense,8,125.7
NYG,2026,RB,2,Devin Singletary,00-0035250,0,offense,16,105.8
NYG,2026,RB,3,Najee Harris,00-0036893,0,offense,3,11.6
NYG,2026,RB,4,Tyrone Tracy Jr.,00-0039384,0,offense,15,160.8
NYG,2026,TE,1,Isaiah Likely,00-0037838,0,offense,11,61.7
NYG,2026,TE,2,Theo Johnson,00-0039847,0,offense,14,127.8
NYG,2026,TE,4,Thomas Fidone II,00-0040225,0,offense,0,0.0
NYG,2026,WR,1,Malik Nabers,00-0039337,0,offense,4,57.1
NYG,2026,WR,2,Malachi Fields,00-0041042,0,offense,0,0.0
NYG,2026,WR,3,Darnell Mooney,00-0036309,0,offense,15,82.3
NYG,2026,WR,4,Odell Beckham Jr.,00-0031235,0,offense,0,0.0
NYG,2026,WR,5,Calvin Austin III,00-0037837,0,offense,12,86.2
NYG,2026,WR,6,Gunner Olszewski,00-0035645,0,offense,4,35.8
NYJ,2026,DB,1,Nahshon Wright,00-0036986,0,defense,0,0.0
NYJ,2026,DB,2,Dane Belton,00-0038123,0,defense,0,0.0
NYJ,2026,DB,3,Minkah Fitzpatrick,00-0034789,0,defense,0,0.0
NYJ,2026,DB,4,Brandon Stephens,00-0036987,0,defense,0,0.0
NYJ,2026,DB,5,Jarvis Brownlee Jr.,00-0039372,0,defense,0,0.0
NYJ,2026,DB,6,Azareye'h Thomas,00-0040133,0,defense,0,0.0
NYJ,2026,DB,7,Andre Cisco,00-0036941,0,defense,0,0.0
NYJ,2026,DB,8,Malachi Moore,00-0040165,0,defense,1,1.3
NYJ,2026,DB,9,Qwan'tez Stiggers,00-0039789,0,defense,0,0.0
NYJ,2026,DB,10,D'Angelo Ponds,00-0041038,0,defense,0,0.0
NYJ,2026,DB,11,VJ Payne,00-0041120,0,defense,0,0.0
NYJ,2026,DB,12,Tre Brown,00-0036885,0,defense,0,0.0
NYJ,2026,DB,13,Jordan Clark,00-0040397,0,defense,0,0.0
NYJ,2026,DB,14,Dane Belton,00-0038123,0,defense,0,0.0
NYJ,2026,DL,1,Kingsley Enagbare,00-0037083,0,defense,0,0.0
NYJ,2026,DL,2,T'Vondre Sweat,00-0039886,0,defense,0,0.0
NYJ,2026,DL,3,Harrison Phillips,00-0034782,0,defense,0,0.0
NYJ,2026,DL,4,Will McDonald IV,00-0039142,0,defense,0,0.0
NYJ,2026,DL,5,David Bailey,00-0041026,0,defense,0,0.0
NYJ,2026,DL,6,Darrell Jackson Jr.,00-0041549,0,defense,0,0.0
NYJ,2026,DL,7,Jowon Briggs,00-0039431,0,defense,0,0.0
NYJ,2026,DL,8,Braiden McGregor,00-0039284,0,defense,0,0.0
NYJ,2026,DL,9,Kingsley Jonathan,00-0037431,0,defense,0,0.0
NYJ,2026,DL,10,Jack Heflin,00-0036788,0,defense,0,0.0
NYJ,2026,DL,11,David Onyemata,00-0033051,0,defense,0,0.0
NYJ,2026,DL,12,Joseph Ossai,00-0036902,0,defense,0,0.0
NYJ,2026,DL,13,Tyler Baron,00-0040196,0,defense,0,0.0
NYJ,2026,LB,1,Demario Davis,00-0029607,0,defense,0,0.0
NYJ,2026,LB,2,Jamien Sherwood,00-0036500,0,defense,0,0.0
NYJ,2026,LB,3,Kiko Mauigoa,00-0040186,0,defense,0,0.0
NYJ,2026,LB,4,Marcelino McCrary-Ball,00-0037526,0,defense,0,0.0
NYJ,2026,LB,5,Troy Reeder,00-0035617,0,defense,0,0.0
NYJ,2026,LB,6,Trevin Wallace,00-0039347,0,defense,0,0.0
NYJ,2026,QB,1,Geno Smith,00-0030565,0,offense,15,173.9
NYJ,2026,QB,2,Cade Klubnik,00-0041056,0,offense,0,0.0
NYJ,2026,RB,1,Breece Hall,00-0038120,0,offense,16,207.7
NYJ,2026,RB,2,Braelon Allen,00-0039794,0,offense,4,15.3
NYJ,2026,RB,3,Isaiah Davis,00-0039798,0,offense,14,69.2
NYJ,2026,RB,4,Kene Nwangwu,00-0036842,0,offense,2,4.9
NYJ,2026,RB,5,Chip Trayanum,00-0041239,0,offense,0,0.0
NYJ,2026,TE,1,Kenyon Sadiq,00-0041032,0,offense,0,0.0
NYJ,2026,TE,2,Mason Taylor,00-0040736,0,offense,13,86.9
NYJ,2026,TE,3,Jeremy Ruckert,00-0037805,0,offense,11,44.8
NYJ,2026,TE,4,Andrew Beck,00-0034959,0,offense,7,23.0
NYJ,2026,TE,5,Jelani Woods,00-0037755,0,offense,1,1.4
NYJ,2026,WR,1,Garrett Wilson,00-0037740,0,offense,6,99.5
NYJ,2026,WR,2,Adonai Mitchell,00-0039890,0,offense,12,87.9
NYJ,2026,WR,3,Isaiah Williams,00-0039451,0,offense,8,48.7
NYJ,2026,WR,4,Malik McClain,00-0041267,0,offense,0,0.0
NYJ,2026,WR,5,Tim Patrick,00-0033375,0,offense,8,50.8
NYJ,2026,WR,6,Omar Cooper Jr.,00-0041511,0,offense,0,0.0
NYJ,2026,WR,7,Arian Smith,00-0040582,0,offense,7,11.7
PHI,2026,DB,1,Riq Woolen,00-0037079,0,defense,0,0.0
PHI,2026,DB,2,Marcus Epps,00-0034993,0,defense,0,0.0
PHI,2026,DB,3,Andrew Mukuba,00-0040749,0,defense,0,0.0
PHI,2026,DB,4,Quinyon Mitchell,00-0039888,0,defense,0,0.0
PHI,2026,DB,5,Cooper DeJean,00-0039841,0,defense,0,0.0
PHI,2026,DB,6,Jonathan Jones,00-0032580,0,defense,0,0.0
PHI,2026,DB,7,Michael Carter II,00-0036501,0,defense,13,99.0
PHI,2026,DB,8,Cooper DeJean,00-0039841,0,defense,0,0.0
PHI,2026,DB,9,Kelee Ringo,00-0039140,0,defense,0,0.0
PHI,2026,DB,10,Mac McWilliams,00-0040071,0,defense,0,0.0
PHI,2026,DB,11,Jakorian Bennett,00-0039072,0,defense,0,0.0
PHI,2026,DB,12,Tucker Large,00-0040929,0,defense,0,0.0
PHI,2026,DB,13,Andre' Sam,00-0039267,0,defense,0,0.0
PHI,2026,DL,1,Jalen Carter,00-0038386,0,defense,0,0.0
PHI,2026,DL,2,Moro Ojomo,00-0038412,0,defense,0,0.0
PHI,2026,DL,3,Byron Young,00-0038978,0,defense,0,0.0
PHI,2026,DL,4,Ty Robinson,00-0040662,0,defense,0,0.0
PHI,2026,LB,1,Nolan Smith Jr.,00-0039013,0,defense,0,0.0
PHI,2026,LB,2,Zack Baun,00-0036418,0,defense,0,0.0
PHI,2026,LB,3,Jihaad Campbell,00-0040708,0,defense,0,0.0
PHI,2026,LB,4,Jonathan Greenard,00-0036224,0,defense,0,0.0
PHI,2026,LB,5,AJ Epenesa,00-0036192,0,defense,0,0.0
PHI,2026,LB,6,Smael Mondon Jr.,00-0040013,0,defense,0,0.0
PHI,2026,LB,7,Jeremiah Trotter Jr.,00-0039826,0,defense,0,0.0
PHI,2026,LB,8,Jalyx Hunt,00-0039740,0,defense,0,0.0
PHI,2026,LB,9,Arnold Ebiketie,00-0038116,0,defense,0,0.0
PHI,2026,QB,1,Jalen Hurts,00-0036389,0,offense,16,303.1
PHI,2026,QB,2,Andy Dalton,00-0027973,0,offense,3,11.6
PHI,2026,QB,3,Tanner McKee,00-0038400,0,offense,2,14.2
PHI,2026,QB,4,Cole Payton,00-0040891,0,offense,0,0.0
PHI,2026,RB,1,Saquon Barkley,00-0034844,0,offense,16,230.3
PHI,2026,RB,2,Tank Bigsby,00-0038555,0,offense,11,53.8
PHI,2026,RB,3,Will Shipley,00-0039746,0,offense,10,19.5
PHI,2026,TE,1,Dallas Goedert,00-0034351,0,offense,15,185.1
PHI,2026,TE,2,Zach Ertz,00-0030061,0,offense,12,124.4
PHI,2026,TE,3,Johnny Mundt,00-0033246,0,offense,8,20.1
PHI,2026,TE,4,E.J. Jenkins,00-0038498,0,offense,0,0.0
PHI,2026,TE,5,Grant Calcaterra,00-0037086,0,offense,7,22.6
PHI,2026,TE,6,Eli Stowers,00-0041483,0,offense,0,0.0
PHI,2026,WR,1,DeVonta Smith,00-0036912,0,offense,17,201.8
PHI,2026,WR,2,Dontayvion Wicks,00-0038393,0,offense,13,75.8
PHI,2026,WR,3,Makai Lemon,00-0040867,0,offense,0,0.0
PHI,2026,WR,4,Darius Cooper,00-0040024,0,offense,5,18.2
PHI,2026,WR,5,Hollywood Brown,00-0035662,0,offense,15,137.7
PHI,2026,WR,6,Elijah Moore,00-0036980,0,offense,6,27.9
PHI,2026,WR,7,Britain Covey,00-0037132,0,offense,1,4.0
PHI,2026,WR,8,Johnny Wilson,00-0039236,0,offense,0,0.0
PIT,2026,DB,1,Joey Porter Jr.,00-0039167,0,defense,0,0.0
PIT,2026,DB,2,Rayshawn Jenkins,00-0033941,0,defense,0,0.0
PIT,2026,DB,3,Jaquan Brisker,00-0038135,0,defense,0,0.0
PIT,2026,DB,4,Jamel Dean,00-0035699,0,defense,0,0.0
PIT,2026,DB,5,Jalen Ramsey,00-0033055,0,defense,0,0.0
PIT,2026,DB,6,Asante Samuel Jr.,00-0036617,0,defense,0,0.0
PIT,2026,DB,7,DeShon Elliott,00-0034277,0,defense,0,0.0
PIT,2026,DB,8,Robert Spears-Jennings,00-0041401,0,defense,0,0.0
PIT,2026,DB,9,Daylen Everette,00-0041393,0,defense,0,0.0
PIT,2026,DB,10,Brandin Echols,00-0036504,0,defense,0,0.0
PIT,2026,DB,11,Daequan Hardy,00-0039883,0,defense,0,0.0
PIT,2026,DB,12,Donte Kent,00-0040232,0,defense,0,0.0
PIT,2026,DL,1,Derrick Harmon,00-0040678,0,defense,0,0.0
PIT,2026,DL,2,Keeanu Benton,00-0039110,0,defense,0,0.0
PIT,2026,DL,3,Cameron Heyward,00-0027969,0,defense,0,0.0
PIT,2026,DL,4,Gabriel Rubio,,0,defense,0,0.0
PIT,2026,DL,5,Sebastian Joseph-Day,00-0034810,0,defense,0,0.0
PIT,2026,DL,6,Yahya Black,00-0040188,0,defense,0,0.0
PIT,2026,DL,7,Kevin Jobity Jr.,00-0041261,0,defense,0,0.0
PIT,2026,DL,8,Logan Lee,00-0039389,0,defense,0,0.0
PIT,2026,LB,1,T.J. Watt,00-0033886,0,defense,0,0.0
PIT,2026,LB,2,Payton Wilson,00-0039741,0,defense,0,0.0
PIT,2026,LB,3,Patrick Queen,00-0036323,0,defense,0,0.0
PIT,2026,LB,4,Alex Highsmith,00-0036333,0,defense,0,0.0
PIT,2026,LB,5,Nick Herbig,00-0038577,0,defense,0,0.0
PIT,2026,LB,6,Cole Holcomb,00-0035286,0,defense,0,0.0
PIT,2026,LB,7,Carson Bruener,00-0040231,0,defense,0,0.0
PIT,2026,LB,8,Jack Sawyer,00-0040160,0,defense,0,0.0
PIT,2026,QB,1,Aaron Rodgers,00-0023459,0,offense,16,227.1
PIT,2026,QB,2,Mason Rudolph,00-0034771,0,offense,3,19.0
PIT,2026,QB,3,Will Howard,00-0040203,0,offense,0,0.0
PIT,2026,QB,4,Drew Allar,00-0041565,0,offense,0,0.0
PIT,2026,RB,1,Jaylen Warren,00-0037228,0,offense,16,217.1
PIT,2026,RB,2,Rico Dowdle,00-0036139,0,offense,17,216.3
PIT,2026,RB,3,Eli Heidenreich,00-0041490,0,offense,0,0.0
PIT,2026,TE,1,Pat Freiermuth,00-0036894,0,offense,15,113.6
PIT,2026,TE,2,Darnell Washington,00-0038558,0,offense,12,71.4
PIT,2026,TE,3,Robert Tonyan,00-0033757,0,offense,1,1.1
PIT,2026,WR,1,DK Metcalf,00-0035640,0,offense,15,187.2
PIT,2026,WR,2,Michael Pittman Jr.,00-0036252,0,offense,17,201.3
PIT,2026,WR,3,Roman Wilson,00-0039739,0,offense,7,38.6
PIT,2026,WR,4,Germie Bernard,00-0041489,0,offense,0,0.0
PIT,2026,WR,5,Ben Skowronek,00-0036862,0,offense,4,16.9
PIT,2026,WR,6,Kaden Wetjen,00-0041397,0,offense,0,0.0
PIT,2026,WR,7,Cole Burgess,00-0039626,0,offense,0,0.0
SEA,2026,DB,1,Devon Witherspoon,00-0039169,0,defense,0,0.0
SEA,2026,DB,2,Ty Okada,00-0038765,0,defense,0,0.0
SEA,2026,DB,3,Julian Love,00-0034974,0,defense,0,0.0
SEA,2026,DB,4,Josh Jobe,00-0037137,0,defense,0,0.0
SEA,2026,DB,5,Nick Emmanwori,00-0040733,0,defense,0,0.0
SEA,2026,DB,6,Nehemiah Pritchett,00-0039795,0,defense,0,0.0
SEA,2026,DB,7,AJ Finley,00-0038866,0,defense,0,0.0
SEA,2026,DB,8,Julian Neal,00-0040873,0,defense,0,0.0
SEA,2026,DB,9,Avery Smith,00-0041382,0,defense,0,0.0
SEA,2026,DB,10,Bud Clark,00-0041463,0,defense,0,0.0
SEA,2026,DB,11,Terrion Arnold,00-0039903,0,defense,0,0.0
SEA,2026,DL,1,Leonard Williams,00-0031933,0,defense,0,0.0
SEA,2026,DL,2,Byron Murphy II,00-0039309,0,defense,0,0.0
SEA,2026,DL,3,Jarran Reed,00-0032387,0,defense,0,0.0
SEA,2026,DL,4,Mike Morris,00-0038591,0,defense,0,0.0
SEA,2026,DL,5,Brandon Pili,00-0038694,0,defense,0,0.0
SEA,2026,DL,6,Rylie Mills,00-0040647,0,defense,0,0.0
SEA,2026,LB,1,DeMarcus Lawrence,00-0031411,0,defense,0,0.0
SEA,2026,LB,2,Drake Thomas,00-0038922,0,defense,0,0.0
SEA,2026,LB,3,Ernest Jones IV,00-0036994,0,defense,0,0.0
SEA,2026,LB,4,Uchenna Nwosu,00-0034350,0,defense,0,0.0
SEA,2026,LB,5,Dante Fowler Jr.,00-0032052,0,defense,0,0.0
SEA,2026,LB,6,Tyrice Knight,00-0039815,0,defense,0,0.0
SEA,2026,LB,7,Patrick O'Connell,00-0038764,0,defense,0,0.0
SEA,2026,LB,8,Derick Hall,00-0039047,0,defense,0,0.0
SEA,2026,LB,9,Chazz Surratt,00-0037003,0,defense,0,0.0
SEA,2026,LB,10,Connor O'Toole,00-0040061,0,defense,0,0.0
SEA,2026,QB,1,Sam Darnold,00-0034869,0,offense,17,241.4
SEA,2026,QB,2,Drew Lock,00-0035704,0,offense,1,0.5
SEA,2026,QB,3,Jalen Milroe,00-0040673,0,offense,2,0.4
SEA,2026,RB,1,Jadarian Price,00-0041512,0,offense,0,0.0
SEA,2026,RB,2,Emanuel Wilson,00-0038797,0,offense,16,92.5
SEA,2026,RB,3,George Holani,00-0039299,0,offense,4,14.8
SEA,2026,RB,4,Zach Charbonnet,00-0039165,0,offense,16,179.4
SEA,2026,TE,1,AJ Barner,00-0039793,0,offense,17,147.3
SEA,2026,TE,2,Eric Saubert,00-0033576,0,offense,3,7.1
SEA,2026,TE,3,Elijah Arroyo,00-0040739,0,offense,9,36.9
SEA,2026,TE,4,Nick Kallerup,00-0040058,0,offense,0,0.0
SEA,2026,WR,1,Jaxon Smith-Njigba,00-0038543,0,offense,17,359.9
SEA,2026,WR,2,Rashid Shaheed,00-0037545,0,offense,18,144.6
SEA,2026,WR,3,Cooper Kupp,00-0033908,0,offense,16,114.3
SEA,2026,WR,4,Tory Horton,00-0040648,0,offense,5,59.1
SEA,2026,WR,5,Montorie Foster Jr.,00-0040621,0,offense,0,0.0
SEA,2026,WR,6,Irv Charles,00-0037156,0,offense,0,0.0
SEA,2026,WR,7,Jake Bobo,00-0038752,0,offense,2,4.0
SF,2026,DB,1,Renardo Green,00-0039345,0,defense,0,0.0
SF,2026,DB,2,Marques Sigle,00-0040185,0,defense,0,0.0
SF,2026,DB,3,Ji'Ayir Brown,00-0038554,0,defense,0,0.0
SF,2026,DB,4,Deommodore Lenoir,00-0036563,0,defense,0,0.0
SF,2026,DB,5,Upton Stout,00-0040152,0,defense,0,0.0
SF,2026,DB,6,Jack Jones,00-0038039,0,defense,0,0.0
SF,2026,DB,7,Malik Mustapha,00-0039360,0,defense,0,0.0
SF,2026,DB,8,Siran Neal,00-0034391,0,defense,0,0.0
SF,2026,DB,9,Ephesians Prysock,00-0041068,0,defense,0,0.0
SF,2026,DB,10,Ashtyn Davis,00-0036329,0,defense,0,0.0
SF,2026,DB,11,Darrick Forrest,00-0036638,0,defense,0,0.0
SF,2026,DB,12,Nate Hobbs,00-0036871,0,defense,0,0.0
SF,2026,DL,1,Keion White,00-0039148,0,defense,0,0.0
SF,2026,DL,2,Osa Odighizuwa,00-0036942,0,defense,0,0.0
SF,2026,DL,3,Gracen Halton,00-0041557,0,defense,0,0.0
SF,2026,DL,4,Nick Bosa,00-0035717,0,defense,0,0.0
SF,2026,DL,5,Khalid Kareem,00-0036341,0,defense,0,0.0
SF,2026,DL,6,C.J. West,00-0040711,0,defense,0,0.0
SF,2026,DL,7,James Thompson Jr.,THO581952,0,defense,0,0.0
SF,2026,DL,8,Romello Height,00-0041556,0,defense,0,0.0
SF,2026,DL,9,Sam Okuayinonu,00-0037602,0,defense,0,0.0
SF,2026,DL,10,Alfred Collins,00-0040721,0,defense,0,0.0
SF,2026,DL,11,Ogbo Okoronkwo,00-0034807,0,defense,0,0.0
SF,2026,DL,12,Mikail Kamara,00-0041360,0,defense,0,0.0
SF,2026,DL,13,Mykel Williams,00-0040660,0,defense,0,0.0
SF,2026,DL,14,Andrew Farmer II,00-0038865,0,defense,0,0.0
SF,2026,LB,1,Dre Greenlaw,00-0034982,0,defense,0,0.0
SF,2026,LB,2,Fred Warner,00-0034815,0,defense,0,0.0
SF,2026,LB,3,Luke Gifford,00-0035413,0,defense,0,0.0
SF,2026,LB,4,Garret Wallow,00-0036844,0,defense,0,0.0
SF,2026,LB,5,Tatum Bethune,00-0039435,0,defense,0,0.0
SF,2026,LB,6,Jaden Dugger,00-0041078,0,defense,0,0.0
SF,2026,LB,7,Nick Martin,00-0040135,0,defense,0,0.0
SF,2026,QB,1,Brock Purdy,00-0037834,0,offense,9,179.4
SF,2026,QB,2,Mac Jones,00-0036972,0,offense,9,132.6
SF,2026,QB,3,Kurtis Rourke,00-0040589,0,offense,0,0.0
SF,2026,RB,1,Christian McCaffrey,00-0033280,0,offense,17,414.6
SF,2026,RB,2,Kaelon Black,00-0041052,0,offense,0,0.0
SF,2026,RB,3,Jordan James,00-0040177,0,offense,0,0.0
SF,2026,RB,4,Isaac Guerendo,00-0039363,0,offense,0,0.0
SF,2026,TE,1,George Kittle,00-0033288,0,offense,10,161.5
SF,2026,TE,2,Luke Farrell,00-0036887,0,offense,8,29.5
SF,2026,TE,3,Brayden Willis,00-0038643,0,offense,0,0.0
SF,2026,TE,4,Jake Tonges,00-0037112,0,offense,9,93.3
SF,2026,WR,1,Mike Evans,00-0031408,0,offense,7,84.8
SF,2026,WR,2,Deebo Samuel,00-0035719,0,offense,16,188.2
SF,2026,WR,3,Demarcus Robinson,00-0032775,0,offense,12,56.2
SF,2026,WR,4,Jacob Cowing,00-0039365,0,offense,0,0.0
SF,2026,WR,5,Jordan Watkins,00-0040172,0,offense,2,4.6
SF,2026,WR,6,KhaDarel Hodge,00-0034854,0,offense,1,6.1
SF,2026,WR,7,Christian Kirk,00-0034775,0,offense,10,57.2
SF,2026,WR,8,De'Zhaun Stribling,00-0041035,0,offense,0,0.0
SF,2026,WR,9,Ricky Pearsall,00-0039916,0,offense,8,87.6
SF,2026,WR,10,Brandon Aiyuk,00-0036261,0,offense,0,0.0
TB,2026,DB,1,Zyon McCollum,00-0037268,0,defense,0,0.0
TB,2026,DB,2,Tykee Smith,00-0039846,0,defense,0,0.0
TB,2026,DB,3,Antoine Winfield Jr.,00-0036411,0,defense,0,0.0
TB,2026,DB,4,Benjamin Morrison,00-0040747,0,defense,0,0.0
TB,2026,DB,5,Jacob Parrish,00-0040143,0,defense,0,0.0
TB,2026,DB,6,Kevin Knowles,00-0040089,0,defense,0,0.0
TB,2026,DB,7,Miles Killebrew,00-0032399,0,defense,0,0.0
TB,2026,DB,8,Ayden Garnes,00-0041253,0,defense,0,0.0
TB,2026,DB,9,Keionte Scott,00-0041057,0,defense,0,0.0
TB,2026,DB,10,Josh Hayes,00-0039051,0,defense,0,0.0
TB,2026,DL,1,Calijah Kancey,00-0039063,0,defense,0,0.0
TB,2026,DL,2,Vita Vea,00-0034773,0,defense,0,0.0
TB,2026,DL,3,A'Shawn Robinson,00-0032889,0,defense,0,0.0
TB,2026,DL,4,Elijah Roberts,00-0040183,0,defense,0,0.0
TB,2026,DL,5,Rakeem Nunez-Roches,00-0031957,0,defense,0,0.0
TB,2026,DL,6,DeMonte Capehart,00-0041079,0,defense,0,0.0
TB,2026,DL,7,Deshawn McKnight,00-0041339,0,defense,0,0.0
TB,2026,DL,8,Elijah Simmons,00-0040384,0,defense,0,0.0
TB,2026,LB,1,Rueben Bain Jr.,00-0041031,0,defense,0,0.0
TB,2026,LB,2,Alex Anzalone,00-0033914,0,defense,0,0.0
TB,2026,LB,3,Josiah Trotter,00-0041502,0,defense,0,0.0
TB,2026,LB,4,Yaya Diaby,00-0039068,0,defense,0,0.0
TB,2026,LB,5,Al-Quadin Muhammad,00-0033964,0,defense,0,0.0
TB,2026,LB,6,Christian Rozeboom,00-0035942,0,defense,0,0.0
TB,2026,LB,7,SirVocea Dennis,00-0039049,0,defense,0,0.0
TB,2026,LB,8,Anthony Nelson,00-0035254,0,defense,0,0.0
TB,2026,LB,9,Mohamed Kamara,00-0039877,0,defense,0,0.0
TB,2026,LB,10,David Walker,00-0040158,0,defense,0,0.0
TB,2026,QB,1,Baker Mayfield,00-0034855,0,offense,17,273.9
TB,2026,QB,2,Jalon Daniels,00-0041251,0,offense,0,0.0
TB,2026,RB,1,Bucky Irving,00-0039361,0,offense,10,138.5
TB,2026,RB,2,Kenny Gainwell,00-0036919,0,offense,17,221.3
TB,2026,RB,3,Sean Tucker,00-0038951,0,offense,11,88.9
TB,2026,TE,1,Cade Otton,00-0038129,0,offense,14,122.2
TB,2026,TE,2,Payne Durham,00-0039050,0,offense,1,2.1
TB,2026,TE,3,Ko Kieft,00-0037311,0,offense,0,0.0
TB,2026,TE,4,Bauer Sharp,00-0041094,0,offense,0,0.0
TB,2026,WR,1,Emeka Egbuka,00-0040129,0,offense,17,193.7
TB,2026,WR,2,Chris Godwin Jr.,00-0033921,0,offense,9,81.0
TB,2026,WR,3,Jalen McMillan,00-0039855,0,offense,4,29.9
TB,2026,WR,4,Ted Hurst III,00-0041048,0,offense,0,0.0
TB,2026,WR,5,Tez Johnson,00-0040237,0,offense,11,91.5
TB,2026,WR,6,Kameron Johnson,00-0039589,0,offense,3,17.7
TB,2026,WR,7,David Sills V,00-0035359,0,offense,8,49.1
TEN,2026,DB,1,Cor'Dale Flott,00-0037758,0,defense,0,0.0
TEN,2026,DB,2,Amani Hooker,00-0035632,0,defense,0,0.0
TEN,2026,DB,3,Kevin Winston Jr.,00-0040141,0,defense,0,0.0
TEN,2026,DB,4,Alontae Taylor,00-0038121,0,defense,0,0.0
TEN,2026,DB,5,Marcus Harris,00-0040201,0,defense,0,0.0
TEN,2026,DB,6,Micah Robinson,00-0040020,0,defense,0,0.0
TEN,2026,DB,7,Kendell Brooks,00-0038703,0,defense,0,0.0
TEN,2026,DB,8,Tony Adams,00-0037155,0,defense,0,0.0
TEN,2026,DB,9,Jaylon Jones,00-0038407,0,defense,0,0.0
TEN,2026,DB,10,Terrell Burgess,00-0036421,0,defense,0,0.0
TEN,2026,DB,11,Joshua Williams,00-0038043,0,defense,0,0.0
TEN,2026,DL,1,John Franklin-Myers,00-0034805,0,defense,0,0.0
TEN,2026,DL,2,Jeffery Simmons,00-0035643,0,defense,1,7.1
TEN,2026,DL,3,Jordan Elliott,00-0036266,0,defense,0,0.0
TEN,2026,DL,4,Jermaine Johnson II,00-0037663,0,defense,0,0.0
TEN,2026,DL,5,Keldric Faulk,00-0041508,0,defense,0,0.0
TEN,2026,DL,6,Nazir Stackhouse,00-0040041,0,defense,0,0.0
TEN,2026,DL,7,Solomon Thomas,00-0033870,0,defense,0,0.0
TEN,2026,DL,8,Jacob Martin,00-0034163,0,defense,0,0.0
TEN,2026,DL,9,Oluwafemi Oladejo,00-0040752,0,defense,0,0.0
TEN,2026,DL,10,Jackie Marshall,00-0040892,0,defense,0,0.0
TEN,2026,DL,11,Truman Jones,00-0038514,0,defense,0,0.0
TEN,2026,DL,12,Tanoh Kpassagnon,00-0033902,0,defense,0,0.0
TEN,2026,DL,13,Jaylen Harrell,00-0039436,0,defense,0,0.0
TEN,2026,LB,1,Cedric Gray,00-0039858,0,defense,0,0.0
TEN,2026,LB,2,Anthony Hill Jr.,00-0041479,0,defense,0,0.0
TEN,2026,LB,3,James Williams Sr.,00-0039430,0,defense,0,0.0
TEN,2026,LB,4,Owen Pappoe,00-0038600,0,defense,0,0.0
TEN,2026,LB,5,Cody Barton,00-0035672,0,defense,0,0.0
TEN,2026,LB,6,Dorian Mausi,00-0040503,0,defense,0,0.0
TEN,2026,LB,7,Milo Eifler,00-0036511,0,defense,0,0.0
TEN,2026,QB,1,Cam Ward,00-0040676,0,offense,17,200.7
TEN,2026,QB,2,Mitchell Trubisky,00-0033869,0,offense,4,29.1
TEN,2026,RB,1,Tony Pollard,00-0035261,0,offense,17,185.8
TEN,2026,RB,2,Tyjae Spears,00-0039032,0,offense,13,111.7
TEN,2026,RB,3,Julius Chestnut,00-0037594,0,offense,6,4.0
TEN,2026,RB,4,Nicholas Singleton,00-0040886,0,offense,0,0.0
TEN,2026,TE,1,Gunnar Helm,00-0040584,0,offense,16,91.7
TEN,2026,TE,2,Daniel Bellinger,00-0038115,0,offense,10,59.6
TEN,2026,TE,3,David Martin-Robinson,00-0039648,0,offense,4,13.0
TEN,2026,TE,4,Kylen Granson,00-0036876,0,offense,4,11.0
TEN,2026,TE,5,Jaren Kanak,00-0040901,0,offense,0,0.0
TEN,2026,WR,1,Carnell Tate,00-0041438,0,offense,0,0.0
TEN,2026,WR,2,Wan'Dale Robinson,00-0038117,0,offense,16,217.9
TEN,2026,WR,3,Calvin Ridley,00-0034837,0,offense,7,45.3
TEN,2026,WR,4,Elic Ayomanor,00-0040170,0,offense,16,116.5
TEN,2026,WR,5,Chimere Dike,00-0040705,0,offense,16,116.5
WAS,2026,DB,1,Rasul Douglas,00-0033551,0,defense,0,0.0
WAS,2026,DB,2,Nick Cross,00-0037616,0,defense,0,0.0
WAS,2026,DB,3,Jeremy Reaves,00-0034465,0,defense,0,0.0
WAS,2026,DB,4,Mike Sainristil,00-0039898,0,defense,0,0.0
WAS,2026,DB,5,Amik Robertson,00-0036375,0,defense,0,0.0
WAS,2026,DB,6,Trey Amos,00-0040731,0,defense,0,0.0
WAS,2026,DB,7,Tyler Owens,00-0039681,0,defense,0,0.0
WAS,2026,DB,8,Quan Martin,00-0039149,0,defense,0,0.0
WAS,2026,DB,9,Fabian Moreau,00-0033918,0,defense,0,0.0
WAS,2026,DB,10,Percy Butler,00-0038100,0,defense,0,0.0
WAS,2026,DB,11,Isaac Yiadom,00-0034780,0,defense,0,0.0
WAS,2026,DL,1,Tim Settle,00-0034397,0,defense,0,0.0
WAS,2026,DL,2,Daron Payne,00-0034333,0,defense,0,0.0
WAS,2026,DL,3,Javon Kinlaw,00-0036260,0,defense,0,0.0
WAS,2026,DL,4,Shy Tuttle,00-0035409,0,defense,0,0.0
WAS,2026,DL,5,Charles Omenihu,00-0035279,0,defense,0,0.0
WAS,2026,DL,6,Jer'Zhan Newton,00-0039906,0,defense,0,0.0
WAS,2026,DL,7,Deatrich Wise Jr.,00-0033947,0,defense,0,0.0
WAS,2026,LB,1,Odafe Oweh,00-0036940,0,defense,0,0.0
WAS,2026,LB,2,Frankie Luvu,00-0034302,0,defense,0,0.0
WAS,2026,LB,3,Sonny Styles,00-0041028,0,defense,0,0.0
WAS,2026,LB,4,Dorance Armstrong,00-0034373,0,defense,0,0.0
WAS,2026,LB,5,Joshua Josephs,00-0041074,0,defense,0,0.0
WAS,2026,LB,6,Kain Medrano,00-0040216,0,defense,0,0.0
WAS,2026,LB,7,Leo Chenal,00-0037819,0,defense,0,0.0
WAS,2026,LB,8,K'Lavon Chaisson,00-0036286,0,defense,0,0.0
WAS,2026,LB,9,Jordan Magee,00-0039368,0,defense,0,0.0
WAS,2026,LB,10,Javontae Jean-Baptiste,00-0039412,0,defense,0,0.0
WAS,2026,QB,1,Jayden Daniels,00-0039910,0,offense,7,114.3
WAS,2026,QB,2,Marcus Mariota,00-0032268,0,offense,10,125.5
WAS,2026,QB,3,Athan Kaliakmanis,00-0041117,0,offense,0,0.0
WAS,2026,RB,1,Jacory Croskey-Merritt,00-0040242,0,offense,17,140.3
WAS,2026,RB,2,Rachaad White,00-0037256,0,offense,17,143.0
WAS,2026,RB,3,Kaytron Allen,00-0041096,0,offense,0,0.0
WAS,2026,RB,4,Jeremy McNichols,00-0033955,0,offense,15,70.7
WAS,2026,TE,1,Chig Okonkwo,00-0037809,0,offense,16,124.0
WAS,2026,TE,2,Ben Sinnott,00-0039912,0,offense,8,28.4
WAS,2026,TE,3,John Bates,00-0036628,0,offense,8,27.3
WAS,2026,TE,4,Colson Yankoff,00-0039686,0,offense,2,3.8
WAS,2026,WR,1,Terry McLaurin,00-0035659,0,offense,10,114.2
WAS,2026,WR,2,Stefon Diggs,00-0031588,0,offense,17,210.3
WAS,2026,WR,3,Antonio Williams,00-0041040,0,offense,0,0.0
WAS,2026,WR,4,Dyami Brown,00-0036626,0,offense,9,49.7
WAS,2026,WR,5,Treylon Burks,00-0037742,0,offense,6,29.0
WAS,2026,WR,6,Jaylin Lane,00-0040164,0,offense,9,37.4
WAS,2026,WR,7,Luke McCaffrey,00-0039355,0,offense,6,49.3
